#
# There is insufficient memory for the Java Runtime Environment to continue.
# Native memory allocation (malloc) failed to allocate 13217176 bytes. Error detail: Chunk::new
# Possible reasons:
#   The system is out of physical RAM or swap space
#   This process is running with CompressedOops enabled, and the Java Heap may be blocking the growth of the native heap
# Possible solutions:
#   Reduce memory load on the system
#   Increase physical memory or swap space
#   Check if swap backing store is full
#   Decrease Java heap size (-Xmx/-Xms)
#   Decrease number of Java threads
#   Decrease Java thread stack sizes (-Xss)
#   Set larger code cache with -XX:ReservedCodeCacheSize=
#   JVM is running with Unscaled Compressed Oops mode in which the Java heap is
#     placed in the first 4GB address space. The Java Heap base address is the
#     maximum limit for the native heap growth. Please use -XX:HeapBaseMinAddress
#     to set the Java Heap base and to place the Java Heap above 4GB virtual address.
# This output file may be truncated or incomplete.
#
#  Out of Memory Error (arena.cpp:186), pid=17156, tid=2724
#
# JRE version: OpenJDK Runtime Environment (25.0.3) (build 25.0.3+-15898627-b508.16)
# Java VM: OpenJDK 64-Bit Server VM (25.0.3+-15898627-b508.16, mixed mode, tiered, compressed oops, compressed class ptrs, g1 gc, windows-amd64)
# No core dump will be written. Minidumps are not enabled by default on client versions of Windows
#

---------------  S U M M A R Y ------------

Command Line: --add-opens=java.base/java.lang=ALL-UNNAMED --add-opens=java.base/java.lang.invoke=ALL-UNNAMED --add-opens=java.base/java.util=ALL-UNNAMED --add-opens=java.prefs/java.util.prefs=ALL-UNNAMED --add-exports=jdk.compiler/com.sun.tools.javac.api=ALL-UNNAMED --add-exports=jdk.compiler/com.sun.tools.javac.util=ALL-UNNAMED --add-opens=java.base/java.nio.charset=ALL-UNNAMED --add-opens=java.base/java.net=ALL-UNNAMED --add-opens=java.base/java.util.concurrent=ALL-UNNAMED --add-opens=java.base/java.util.concurrent.atomic=ALL-UNNAMED --add-opens=java.xml/javax.xml.namespace=ALL-UNNAMED --add-opens=java.base/java.time=ALL-UNNAMED --enable-native-access=ALL-UNNAMED -Xmx2048m -Dfile.encoding=UTF-8 -Duser.country=US -Duser.language=en -Duser.variant -javaagent:C:\Users\User\.gradle\wrapper\dists\gradle-9.6.0-bin\42k10rwplmzkhuboz9kdazi7s\gradle-9.6.0\lib\agents\gradle-instrumentation-agent-9.6.0.jar org.gradle.launcher.daemon.bootstrap.GradleDaemon 9.6.0

Host: Intel(R) Core(TM) i3-1005G1 CPU @ 1.20GHz, 4 cores, 3G,  Windows 11 , 64 bit Build 26100 (10.0.26100.9444)
Time: Tue Sep 15 22:12:47 2026 India Standard Time elapsed time: 130.373929 seconds (0d 0h 2m 10s)

---------------  T H R E A D  ---------------

Current thread (0x000001be17b8e670):  JavaThread "C2 CompilerThread0" daemon [_thread_in_native, id=2724, stack(0x000000b97cd00000,0x000000b97ce00000) (1024K)]


Current CompileTask:
C2:130375 19624 %     4       com.android.tools.r8.internal.sx1::a @ 1083 (3094 bytes)

Stack: [0x000000b97cd00000,0x000000b97ce00000]
Native frames: (J=compiled Java code, j=interpreted, Vv=VM code, C=native code)
V  [jvm.dll+0x7bf039]  (no source info available)
V  [jvm.dll+0x78912d]  (no source info available)
V  [jvm.dll+0xa0e615]  (no source info available)
V  [jvm.dll+0xa10c94]  (no source info available)
V  [jvm.dll+0xa11393]  (no source info available)
V  [jvm.dll+0x30a116]  (no source info available)
V  [jvm.dll+0x10eda9]  (no source info available)
V  [jvm.dll+0x10f0d2]  (no source info available)
V  [jvm.dll+0x1a9b77]  (no source info available)
V  [jvm.dll+0x3bf612]  (no source info available)
V  [jvm.dll+0x7c48b7]  (no source info available)
V  [jvm.dll+0x2ce466]  (no source info available)
V  [jvm.dll+0x2cd641]  (no source info available)
V  [jvm.dll+0x24334a]  (no source info available)
V  [jvm.dll+0x2dd025]  (no source info available)
V  [jvm.dll+0x2db226]  (no source info available)
V  [jvm.dll+0x49c12e]  (no source info available)
V  [jvm.dll+0x9ad738]  (no source info available)
V  [jvm.dll+0x7bd585]  (no source info available)
C  [ucrtbase.dll+0x2cd30]  (no source info available)
C  [KERNEL32.DLL+0x2cd87]  (no source info available)
C  [ntdll.dll+0xacaec]  (no source info available)

Lock stack of current Java thread (top to bottom):


---------------  P R O C E S S  ---------------

Threads class SMR info:
_java_thread_list=0x000001be21262a50, length=58, elements={
0x000001be00840730, 0x000001be17b780f0, 0x000001be17baeac0, 0x000001be17bb05f0,
0x000001be17b8b440, 0x000001be17b8c000, 0x000001be17b8cbc0, 0x000001be17b8d780,
0x000001be17b8e670, 0x000001be17bc00d0, 0x000001be1c3038f0, 0x000001be1c5c61e0,
0x000001be1ed12ee0, 0x000001be1c4e64f0, 0x000001be1dd1b360, 0x000001be1c337bd0,
0x000001be1c483890, 0x000001be1c3303e0, 0x000001be1c333a90, 0x000001be1c330bb0,
0x000001be1c334a30, 0x000001be1c332af0, 0x000001be1c3361a0, 0x000001be1c5e2200,
0x000001be1c5e0a90, 0x000001be1c5e31a0, 0x000001be1c5e50e0, 0x000001be1c5e6850,
0x000001be1c5e77f0, 0x000001be205788f0, 0x000001be20577950, 0x000001be20575240,
0x000001be2057b000, 0x000001be200c3ec0, 0x000001be200c2f20, 0x000001be200c36f0,
0x000001be200c5630, 0x000001be200c5e00, 0x000001be200c6da0, 0x000001be200c7570,
0x000001be2023afd0, 0x000001be2023a800, 0x000001be2023c740, 0x000001be2023b7a0,
0x000001be2023fdf0, 0x000001be20a55010, 0x000001be20a557e0, 0x000001be20a5add0,
0x000001be27089890, 0x000001be2708a830, 0x000001be20a56f50, 0x000001be2023deb0,
0x000001be21abc8c0, 0x000001be21abd860, 0x000001be21abb920, 0x000001be21abe030,
0x000001be21abb150, 0x000001be21ac0f10
}

Java Threads: ( => current thread )
  0x000001be00840730 JavaThread "main"                              [_thread_blocked, id=16676, stack(0x000000b97be00000,0x000000b97bf00000) (1024K)]
  0x000001be17b780f0 JavaThread "Common-Cleaner"             daemon [_thread_blocked, id=17336, stack(0x000000b97c600000,0x000000b97c700000) (1024K)]
  0x000001be17baeac0 JavaThread "Reference Handler"          daemon [_thread_blocked, id=13112, stack(0x000000b97c700000,0x000000b97c800000) (1024K)]
  0x000001be17bb05f0 JavaThread "Finalizer"                  daemon [_thread_blocked, id=5308, stack(0x000000b97c800000,0x000000b97c900000) (1024K)]
  0x000001be17b8b440 JavaThread "Signal Dispatcher"          daemon [_thread_blocked, id=10348, stack(0x000000b97c900000,0x000000b97ca00000) (1024K)]
  0x000001be17b8c000 JavaThread "Attach Listener"            daemon [_thread_blocked, id=10716, stack(0x000000b97ca00000,0x000000b97cb00000) (1024K)]
  0x000001be17b8cbc0 JavaThread "Service Thread"             daemon [_thread_blocked, id=9456, stack(0x000000b97cb00000,0x000000b97cc00000) (1024K)]
  0x000001be17b8d780 JavaThread "Monitor Deflation Thread"   daemon [_thread_blocked, id=852, stack(0x000000b97cc00000,0x000000b97cd00000) (1024K)]
=>0x000001be17b8e670 JavaThread "C2 CompilerThread0"         daemon [_thread_in_native, id=2724, stack(0x000000b97cd00000,0x000000b97ce00000) (1024K)]
  0x000001be17bc00d0 JavaThread "C1 CompilerThread0"         daemon [_thread_in_native, id=16788, stack(0x000000b97ce00000,0x000000b97cf00000) (1024K)]
  0x000001be1c3038f0 JavaThread "Notification Thread"        daemon [_thread_blocked, id=10156, stack(0x000000b97cf00000,0x000000b97d000000) (1024K)]
  0x000001be1c5c61e0 JavaThread "Daemon health stats"               [_thread_blocked, id=17188, stack(0x000000b97d300000,0x000000b97d400000) (1024K)]
  0x000001be1ed12ee0 JavaThread "Incoming local TCP Connector on port 52581"        [_thread_in_native, id=14408, stack(0x000000b97d400000,0x000000b97d500000) (1024K)]
  0x000001be1c4e64f0 JavaThread "Daemon periodic checks"            [_thread_blocked, id=14180, stack(0x000000b97d500000,0x000000b97d600000) (1024K)]
  0x000001be1dd1b360 JavaThread "Daemon"                            [_thread_blocked, id=17364, stack(0x000000b97d600000,0x000000b97d700000) (1024K)]
  0x000001be1c337bd0 JavaThread "Handler for socket connection from /127.0.0.1:52581 to /127.0.0.1:52582"        [_thread_in_native, id=15792, stack(0x000000b97d700000,0x000000b97d800000) (1024K)]
  0x000001be1c483890 JavaThread "Cancel handler"                    [_thread_blocked, id=12896, stack(0x000000b97d800000,0x000000b97d900000) (1024K)]
  0x000001be1c3303e0 JavaThread "Daemon worker"                     [_thread_blocked, id=7488, stack(0x000000b97d900000,0x000000b97da00000) (1024K)]
  0x000001be1c333a90 JavaThread "Asynchronous log dispatcher for DefaultDaemonConnection: socket connection from /127.0.0.1:52581 to /127.0.0.1:52582"        [_thread_blocked, id=10008, stack(0x000000b97da00000,0x000000b97db00000) (1024K)]
  0x000001be1c330bb0 JavaThread "Stdin handler"                     [_thread_blocked, id=10116, stack(0x000000b97db00000,0x000000b97dc00000) (1024K)]
  0x000001be1c334a30 JavaThread "Daemon client event forwarder"        [_thread_blocked, id=5660, stack(0x000000b97dc00000,0x000000b97dd00000) (1024K)]
  0x000001be1c332af0 JavaThread "Cache worker for journal cache (C:\Users\User\.gradle\caches\journal-1)"        [_thread_blocked, id=7760, stack(0x000000b97dd00000,0x000000b97de00000) (1024K)]
  0x000001be1c3361a0 JavaThread "File lock request listener"        [_thread_in_native, id=14656, stack(0x000000b97de00000,0x000000b97df00000) (1024K)]
  0x000001be1c5e2200 JavaThread "Cache worker for file hash cache (C:\Users\User\.gradle\caches\9.6.0\fileHashes)"        [_thread_blocked, id=5188, stack(0x000000b97df00000,0x000000b97e000000) (1024K)]
  0x000001be1c5e0a90 JavaThread "Cache worker for file hash cache (C:\Users\User\AndroidStudioProjects\badnewgym\.gradle\9.6.0\fileHashes)"        [_thread_blocked, id=7308, stack(0x000000b97e100000,0x000000b97e200000) (1024K)]
  0x000001be1c5e31a0 JavaThread "Cache worker for checksums cache (C:\Users\User\AndroidStudioProjects\badnewgym\.gradle\9.6.0\checksums)"        [_thread_blocked, id=6620, stack(0x000000b97e200000,0x000000b97e300000) (1024K)]
  0x000001be1c5e50e0 JavaThread "Cache worker for Build Output Cleanup Cache (C:\Users\User\AndroidStudioProjects\badnewgym\.gradle\buildOutputCleanup)"        [_thread_blocked, id=4324, stack(0x000000b97e300000,0x000000b97e400000) (1024K)]
  0x000001be1c5e6850 JavaThread "Cache worker for file content cache (C:\Users\User\.gradle\caches\9.6.0\fileContent)"        [_thread_blocked, id=9032, stack(0x000000b97e400000,0x000000b97e500000) (1024K)]
  0x000001be1c5e77f0 JavaThread "File watcher server"        daemon [_thread_in_native, id=16400, stack(0x000000b97e500000,0x000000b97e600000) (1024K)]
  0x000001be205788f0 JavaThread "File watcher consumer"      daemon [_thread_blocked, id=13552, stack(0x000000b97e600000,0x000000b97e700000) (1024K)]
  0x000001be20577950 JavaThread "Cache worker for cache directory md-supplier (C:\Users\User\.gradle\caches\9.6.0\md-supplier)"        [_thread_blocked, id=10916, stack(0x000000b97e700000,0x000000b97e800000) (1024K)]
  0x000001be20575240 JavaThread "Cache worker for cache directory md-rule (C:\Users\User\.gradle\caches\9.6.0\md-rule)"        [_thread_blocked, id=7900, stack(0x000000b97e800000,0x000000b97e900000) (1024K)]
  0x000001be2057b000 JavaThread "build event listener"              [_thread_blocked, id=11636, stack(0x000000b97ea00000,0x000000b97eb00000) (1024K)]
  0x000001be200c3ec0 JavaThread "build event listener"              [_thread_blocked, id=11220, stack(0x000000b97eb00000,0x000000b97ec00000) (1024K)]
  0x000001be200c2f20 JavaThread "Build operations"                  [_thread_in_Java, id=5488, stack(0x000000b97ec00000,0x000000b97ed00000) (1024K)]
  0x000001be200c36f0 JavaThread "Memory manager"                    [_thread_blocked, id=5716, stack(0x000000b97e900000,0x000000b97ea00000) (1024K)]
  0x000001be200c5630 JavaThread "included builds"                   [_thread_blocked, id=3976, stack(0x000000b97ed00000,0x000000b97ee00000) (1024K)]
  0x000001be200c5e00 JavaThread "Execution worker"                  [_thread_blocked, id=13836, stack(0x000000b97ee00000,0x000000b97ef00000) (1024K)]
  0x000001be200c6da0 JavaThread "Execution worker Thread 2"         [_thread_blocked, id=16828, stack(0x000000b97ef00000,0x000000b97f000000) (1024K)]
  0x000001be200c7570 JavaThread "Execution worker Thread 3"         [_thread_in_vm, id=7032, stack(0x000000b97f000000,0x000000b97f100000) (1024K)]
  0x000001be2023afd0 JavaThread "Cache worker for execution history cache (C:\Users\User\AndroidStudioProjects\badnewgym\.gradle\9.6.0\executionHistory)"        [_thread_blocked, id=12220, stack(0x000000b97f100000,0x000000b97f200000) (1024K)]
  0x000001be2023a800 JavaThread "Build operations Thread 3"         [_thread_in_Java, id=8060, stack(0x000000b97f200000,0x000000b97f300000) (1024K)]
  0x000001be2023c740 JavaThread "Build operations Thread 2"         [_thread_blocked, id=12852, stack(0x000000b97f300000,0x000000b97f400000) (1024K)]
  0x000001be2023b7a0 JavaThread "Build operations Thread 4"         [_thread_blocked, id=2036, stack(0x000000b97f400000,0x000000b97f500000) (1024K)]
  0x000001be2023fdf0 JavaThread "pool-2-thread-1"                   [_thread_blocked, id=7512, stack(0x000000b97f500000,0x000000b97f600000) (1024K)]
  0x000001be20a55010 JavaThread "WorkerExecutor Queue"              [_thread_in_native, id=4224, stack(0x000000b97f600000,0x000000b97f700000) (1024K)]
  0x000001be20a557e0 JavaThread "Periodic tasks thread"      daemon [_thread_blocked, id=12016, stack(0x000000b97f700000,0x000000b97f800000) (1024K)]
  0x000001be20a5add0 JavaThread "ApplicationImpl pooled thread 1" daemon [_thread_blocked, id=17292, stack(0x000000b97f800000,0x000000b97f900000) (1024K)]
  0x000001be27089890 JavaThread "Java2D Disposer"            daemon [_thread_blocked, id=16836, stack(0x000000b97fb00000,0x000000b97fc00000) (1024K)]
  0x000001be2708a830 JavaThread "AWT-Windows"                daemon [_thread_in_native, id=7660, stack(0x000000b97fd00000,0x000000b97fe00000) (1024K)]
  0x000001be20a56f50 JavaThread "WorkerExecutor Queue Thread 2"        [_thread_blocked, id=6880, stack(0x000000b97ff00000,0x000000b980000000) (1024K)]
  0x000001be2023deb0 JavaThread "RMI Scheduler(0)"           daemon [_thread_blocked, id=14296, stack(0x000000b900000000,0x000000b900100000) (1024K)]
  0x000001be21abc8c0 JavaThread "RMI RenewClean-[127.0.0.1:17557,org.jetbrains.kotlin.daemon.common.LoopbackNetworkInterface$ClientLoopbackSocketFactory@30eba779]" daemon [_thread_blocked, id=1128, stack(0x000000b900100000,0x000000b900200000) (1024K)]
  0x000001be21abd860 JavaThread "RMI GC Daemon"              daemon [_thread_blocked, id=11352, stack(0x000000b900200000,0x000000b900300000) (1024K)]
  0x000001be21abb920 JavaThread "RMI TCP Accept-0"           daemon [_thread_in_native, id=3248, stack(0x000000b900300000,0x000000b900400000) (1024K)]
  0x000001be21abe030 JavaThread "RMI Reaper"                        [_thread_blocked, id=15500, stack(0x000000b900400000,0x000000b900500000) (1024K)]
  0x000001be21abb150 JavaThread "RMI TCP Connection(idle)"   daemon [_thread_blocked, id=9596, stack(0x000000b900500000,0x000000b900600000) (1024K)]
  0x000001be21ac0f10 JavaThread "File lock release action executor Thread 2"        [_thread_blocked, id=12300, stack(0x000000b900800000,0x000000b900900000) (1024K)]
Total: 58

Other Threads:
  0x000001be17b4eb00 VMThread "VM Thread"                           [id=16752, stack(0x000000b97c500000,0x000000b97c600000) (1024K)]
  0x000001be008eee70 WatcherThread "VM Periodic Task Thread"        [id=9808, stack(0x000000b97c400000,0x000000b97c500000) (1024K)]
  0x000001be0089e400 WorkerThread "GC Thread#0"                     [id=17288, stack(0x000000b97bf00000,0x000000b97c000000) (1024K)]
  0x000001be1d252880 WorkerThread "GC Thread#1"                     [id=11116, stack(0x000000b97d000000,0x000000b97d100000) (1024K)]
  0x000001be1d2c84c0 WorkerThread "GC Thread#2"                     [id=7084, stack(0x000000b97d100000,0x000000b97d200000) (1024K)]
  0x000001be1d2cc900 WorkerThread "GC Thread#3"                     [id=2804, stack(0x000000b97d200000,0x000000b97d300000) (1024K)]
  0x000001be008b74d0 ConcurrentGCThread "G1 Main Marker"            [id=13900, stack(0x000000b97c000000,0x000000b97c100000) (1024K)]
  0x000001be008b8f50 WorkerThread "G1 Conc#0"                       [id=2448, stack(0x000000b97c100000,0x000000b97c200000) (1024K)]
  0x000001be008dddd0 ConcurrentGCThread "G1 Refine#0"               [id=12236, stack(0x000000b97c200000,0x000000b97c300000) (1024K)]
  0x000001be008e0bc0 ConcurrentGCThread "G1 Service"                [id=16172, stack(0x000000b97c300000,0x000000b97c400000) (1024K)]
Total: 10

Threads with active compile tasks:
C2 CompilerThread0  131181 19624 %     4       com.android.tools.r8.internal.sx1::a @ 1083 (3094 bytes)
Total: 1

VM state: not at safepoint (normal execution)

VM Mutex/Monitor currently owned by a thread:  ([mutex/lock_event])
[0x00007ff8bb2561a8] MethodCompileQueue_lock - owner thread: 0x000001be200c7570

Heap address: 0x0000000080000000, size: 2048 MB, Compressed Oops mode: 32-bit

CDS archive(s) not mapped
Compressed class space mapped at: 0x000000003b000000-0x000000007b000000, reserved size: 1073741824
UseCompressedClassPointers 1, UseCompactObjectHeaders 0
Narrow klass pointer bits 32, Max shift 3
Narrow klass base: 0x0000000000000000, Narrow klass shift: 0
Encoding Range: [0x0000000000000000 - 0x0000000100000000), (4294967296 bytes)
Klass Range:    [0x000000003b000000 - 0x000000007b000000), (1073741824 bytes)
Klass ID Range:  [989855744 - 2063597561) (1073741817)
No protection zone.

GC Precious Log:
 CardTable entry size: 512
 Card Set container configuration: InlinePtr #cards 5 size 8 Array Of Cards #cards 10 size 36 Howl #buckets 4 coarsen threshold 1843 Howl Bitmap #cards 512 size 80 coarsen threshold 460 Card regions per heap region 1 cards per card region 2048
 CPUs: 4 total, 4 available
 Memory: 3838M
 Large Page Support: Disabled
 NUMA Support: Disabled
 Compressed Oops: Enabled (32-bit)
 Heap Region Size: 1M
 Heap Min Capacity: 8M
 Heap Initial Capacity: 60M
 Heap Max Capacity: 2G
 Pre-touch: Disabled
 Parallel Workers: 4
 Concurrent Workers: 1
 Concurrent Refinement Workers: 4
 Periodic GC: Disabled

Heap:
 garbage-first heap   total reserved 2097152K, committed 297984K, used 178047K [0x0000000080000000, 0x0000000100000000)
  region size 1024K, 30 young (30720K), 14 survivors (14336K)

Heap Regions: E=young(eden), S=young(survivor), O=old, HS=humongous(starts), HC=humongous(continues), CS=collection set, F=free, TAMS=top-at-mark-start, PB=parsable bottom
|   0|0x0000000080000000, 0x0000000080100000, 0x0000000080100000|100%|HS|  |TAMS 0x0000000080000000| PB 0x0000000080000000| Complete |  0
|   1|0x0000000080100000, 0x0000000080200000, 0x0000000080200000|100%|HC|  |TAMS 0x0000000080100000| PB 0x0000000080100000| Complete |  0
|   2|0x0000000080200000, 0x0000000080300000, 0x0000000080300000|100%|HC|  |TAMS 0x0000000080200000| PB 0x0000000080200000| Complete |  0
|   3|0x0000000080300000, 0x0000000080400000, 0x0000000080400000|100%|HC|  |TAMS 0x0000000080300000| PB 0x0000000080300000| Complete |  0
|   4|0x0000000080400000, 0x0000000080500000, 0x0000000080500000|100%| O|  |TAMS 0x0000000080400000| PB 0x0000000080400000| Untracked |  0
|   5|0x0000000080500000, 0x0000000080600000, 0x0000000080600000|100%| O|  |TAMS 0x0000000080500000| PB 0x0000000080500000| Untracked |  0
|   6|0x0000000080600000, 0x0000000080700000, 0x0000000080700000|100%| O|  |TAMS 0x0000000080600000| PB 0x0000000080600000| Untracked |  0
|   7|0x0000000080700000, 0x0000000080800000, 0x0000000080800000|100%| O|  |TAMS 0x0000000080700000| PB 0x0000000080700000| Untracked |  0
|   8|0x0000000080800000, 0x0000000080900000, 0x0000000080900000|100%| O|  |TAMS 0x0000000080800000| PB 0x0000000080800000| Untracked |  0
|   9|0x0000000080900000, 0x0000000080a00000, 0x0000000080a00000|100%| O|  |TAMS 0x0000000080900000| PB 0x0000000080900000| Untracked |  0
|  10|0x0000000080a00000, 0x0000000080b00000, 0x0000000080b00000|100%| O|  |TAMS 0x0000000080a00000| PB 0x0000000080a00000| Untracked |  0
|  11|0x0000000080b00000, 0x0000000080c00000, 0x0000000080c00000|100%|HS|  |TAMS 0x0000000080b00000| PB 0x0000000080b00000| Complete |  0
|  12|0x0000000080c00000, 0x0000000080d00000, 0x0000000080d00000|100%| O|  |TAMS 0x0000000080c00000| PB 0x0000000080c00000| Untracked |  0
|  13|0x0000000080d00000, 0x0000000080e00000, 0x0000000080e00000|100%| O|  |TAMS 0x0000000080d00000| PB 0x0000000080d00000| Untracked |  0
|  14|0x0000000080e00000, 0x0000000080f00000, 0x0000000080f00000|100%| O|  |TAMS 0x0000000080e00000| PB 0x0000000080e00000| Untracked |  0
|  15|0x0000000080f00000, 0x0000000081000000, 0x0000000081000000|100%| O|  |TAMS 0x0000000080f00000| PB 0x0000000080f00000| Untracked |  0
|  16|0x0000000081000000, 0x0000000081100000, 0x0000000081100000|100%|HS|  |TAMS 0x0000000081000000| PB 0x0000000081000000| Complete |  0
|  17|0x0000000081100000, 0x0000000081200000, 0x0000000081200000|100%| O|  |TAMS 0x0000000081100000| PB 0x0000000081100000| Untracked |  0
|  18|0x0000000081200000, 0x0000000081300000, 0x0000000081300000|100%| O|  |TAMS 0x0000000081200000| PB 0x0000000081200000| Untracked |  0
|  19|0x0000000081300000, 0x0000000081400000, 0x0000000081400000|100%| O|  |TAMS 0x0000000081300000| PB 0x0000000081300000| Untracked |  0
|  20|0x0000000081400000, 0x0000000081500000, 0x0000000081500000|100%| O|  |TAMS 0x0000000081400000| PB 0x0000000081400000| Untracked |  0
|  21|0x0000000081500000, 0x0000000081600000, 0x0000000081600000|100%| O|  |TAMS 0x0000000081500000| PB 0x0000000081500000| Untracked |  0
|  22|0x0000000081600000, 0x0000000081700000, 0x0000000081700000|100%| O|  |TAMS 0x0000000081600000| PB 0x0000000081600000| Untracked |  0
|  23|0x0000000081700000, 0x0000000081800000, 0x0000000081800000|100%| O|  |TAMS 0x0000000081700000| PB 0x0000000081700000| Untracked |  0
|  24|0x0000000081800000, 0x0000000081900000, 0x0000000081900000|100%| O|  |TAMS 0x0000000081800000| PB 0x0000000081800000| Untracked |  0
|  25|0x0000000081900000, 0x0000000081a00000, 0x0000000081a00000|100%|HS|  |TAMS 0x0000000081900000| PB 0x0000000081900000| Complete |  0
|  26|0x0000000081a00000, 0x0000000081b00000, 0x0000000081b00000|100%| O|  |TAMS 0x0000000081a00000| PB 0x0000000081a00000| Untracked |  0
|  27|0x0000000081b00000, 0x0000000081c00000, 0x0000000081c00000|100%| O|  |TAMS 0x0000000081b00000| PB 0x0000000081b00000| Untracked |  0
|  28|0x0000000081c00000, 0x0000000081d00000, 0x0000000081d00000|100%| O|  |TAMS 0x0000000081c00000| PB 0x0000000081c00000| Untracked |  0
|  29|0x0000000081d00000, 0x0000000081e00000, 0x0000000081e00000|100%| O|  |TAMS 0x0000000081d00000| PB 0x0000000081d00000| Untracked |  0
|  30|0x0000000081e00000, 0x0000000081f00000, 0x0000000081f00000|100%| O|  |TAMS 0x0000000081e00000| PB 0x0000000081e00000| Untracked |  0
|  31|0x0000000081f00000, 0x0000000082000000, 0x0000000082000000|100%|HS|  |TAMS 0x0000000081f00000| PB 0x0000000081f00000| Complete |  0
|  32|0x0000000082000000, 0x0000000082100000, 0x0000000082100000|100%|HS|  |TAMS 0x0000000082000000| PB 0x0000000082000000| Complete |  0
|  33|0x0000000082100000, 0x0000000082200000, 0x0000000082200000|100%|HC|  |TAMS 0x0000000082100000| PB 0x0000000082100000| Complete |  0
|  34|0x0000000082200000, 0x0000000082300000, 0x0000000082300000|100%|HS|  |TAMS 0x0000000082200000| PB 0x0000000082200000| Complete |  0
|  35|0x0000000082300000, 0x0000000082400000, 0x0000000082400000|100%|HS|  |TAMS 0x0000000082300000| PB 0x0000000082300000| Complete |  0
|  36|0x0000000082400000, 0x0000000082500000, 0x0000000082500000|100%|HS|  |TAMS 0x0000000082400000| PB 0x0000000082400000| Complete |  0
|  37|0x0000000082500000, 0x0000000082600000, 0x0000000082600000|100%|HC|  |TAMS 0x0000000082500000| PB 0x0000000082500000| Complete |  0
|  38|0x0000000082600000, 0x0000000082700000, 0x0000000082700000|100%| O|  |TAMS 0x0000000082600000| PB 0x0000000082600000| Untracked |  0
|  39|0x0000000082700000, 0x0000000082800000, 0x0000000082800000|100%| O|  |TAMS 0x0000000082700000| PB 0x0000000082700000| Untracked |  0
|  40|0x0000000082800000, 0x0000000082900000, 0x0000000082900000|100%| O|  |TAMS 0x0000000082800000| PB 0x0000000082800000| Untracked |  0
|  41|0x0000000082900000, 0x0000000082a00000, 0x0000000082a00000|100%| O|  |TAMS 0x0000000082900000| PB 0x0000000082900000| Untracked |  0
|  42|0x0000000082a00000, 0x0000000082b00000, 0x0000000082b00000|100%| O|  |TAMS 0x0000000082a00000| PB 0x0000000082a00000| Untracked |  0
|  43|0x0000000082b00000, 0x0000000082c00000, 0x0000000082c00000|100%| O|  |TAMS 0x0000000082b00000| PB 0x0000000082b00000| Untracked |  0
|  44|0x0000000082c00000, 0x0000000082d00000, 0x0000000082d00000|100%|HS|  |TAMS 0x0000000082c00000| PB 0x0000000082c00000| Complete |  0
|  45|0x0000000082d00000, 0x0000000082e00000, 0x0000000082e00000|100%|HS|  |TAMS 0x0000000082d00000| PB 0x0000000082d00000| Complete |  0
|  46|0x0000000082e00000, 0x0000000082f00000, 0x0000000082f00000|100%|HS|  |TAMS 0x0000000082e00000| PB 0x0000000082e00000| Complete |  0
|  47|0x0000000082f00000, 0x0000000083000000, 0x0000000083000000|100%| O|  |TAMS 0x0000000082f00000| PB 0x0000000082f00000| Untracked |  0
|  48|0x0000000083000000, 0x0000000083100000, 0x0000000083100000|100%| O|  |TAMS 0x0000000083000000| PB 0x0000000083000000| Untracked |  0
|  49|0x0000000083100000, 0x0000000083200000, 0x0000000083200000|100%| O|  |TAMS 0x0000000083100000| PB 0x0000000083100000| Untracked |  0
|  50|0x0000000083200000, 0x0000000083300000, 0x0000000083300000|100%| O|  |TAMS 0x0000000083200000| PB 0x0000000083200000| Untracked |  0
|  51|0x0000000083300000, 0x0000000083400000, 0x0000000083400000|100%| O|  |TAMS 0x0000000083300000| PB 0x0000000083300000| Untracked |  0
|  52|0x0000000083400000, 0x0000000083500000, 0x0000000083500000|100%| O|  |TAMS 0x0000000083400000| PB 0x0000000083400000| Untracked |  0
|  53|0x0000000083500000, 0x0000000083600000, 0x0000000083600000|100%| O|  |TAMS 0x0000000083500000| PB 0x0000000083500000| Untracked |  0
|  54|0x0000000083600000, 0x0000000083700000, 0x0000000083700000|100%| O|  |TAMS 0x0000000083600000| PB 0x0000000083600000| Untracked |  0
|  55|0x0000000083700000, 0x0000000083800000, 0x0000000083800000|100%| O|  |TAMS 0x0000000083700000| PB 0x0000000083700000| Untracked |  0
|  56|0x0000000083800000, 0x0000000083900000, 0x0000000083900000|100%| O|  |TAMS 0x0000000083800000| PB 0x0000000083800000| Untracked |  0
|  57|0x0000000083900000, 0x0000000083a00000, 0x0000000083a00000|100%| O|  |TAMS 0x0000000083900000| PB 0x0000000083900000| Untracked |  0
|  58|0x0000000083a00000, 0x0000000083b00000, 0x0000000083b00000|100%| O|  |TAMS 0x0000000083a00000| PB 0x0000000083a00000| Untracked |  0
|  59|0x0000000083b00000, 0x0000000083c00000, 0x0000000083c00000|100%| O|  |TAMS 0x0000000083b00000| PB 0x0000000083b00000| Untracked |  0
|  60|0x0000000083c00000, 0x0000000083d00000, 0x0000000083d00000|100%| O|  |TAMS 0x0000000083c00000| PB 0x0000000083c00000| Untracked |  0
|  61|0x0000000083d00000, 0x0000000083e00000, 0x0000000083e00000|100%| O|  |TAMS 0x0000000083d00000| PB 0x0000000083d00000| Untracked |  0
|  62|0x0000000083e00000, 0x0000000083f00000, 0x0000000083f00000|100%| O|  |TAMS 0x0000000083e00000| PB 0x0000000083e00000| Untracked |  0
|  63|0x0000000083f00000, 0x0000000084000000, 0x0000000084000000|100%| O|  |TAMS 0x0000000083f00000| PB 0x0000000083f00000| Untracked |  0
|  64|0x0000000084000000, 0x0000000084100000, 0x0000000084100000|100%| O|  |TAMS 0x0000000084000000| PB 0x0000000084000000| Untracked |  0
|  65|0x0000000084100000, 0x0000000084200000, 0x0000000084200000|100%| O|  |TAMS 0x0000000084100000| PB 0x0000000084100000| Untracked |  0
|  66|0x0000000084200000, 0x0000000084300000, 0x0000000084300000|100%| O|  |TAMS 0x0000000084200000| PB 0x0000000084200000| Untracked |  0
|  67|0x0000000084300000, 0x0000000084400000, 0x0000000084400000|100%| O|  |TAMS 0x0000000084300000| PB 0x0000000084300000| Untracked |  0
|  68|0x0000000084400000, 0x0000000084500000, 0x0000000084500000|100%| O|  |TAMS 0x0000000084400000| PB 0x0000000084400000| Untracked |  0
|  69|0x0000000084500000, 0x0000000084600000, 0x0000000084600000|100%| O|  |TAMS 0x0000000084500000| PB 0x0000000084500000| Untracked |  0
|  70|0x0000000084600000, 0x0000000084600000, 0x0000000084700000|  0%| F|  |TAMS 0x0000000084600000| PB 0x0000000084600000| Untracked |  0
|  71|0x0000000084700000, 0x0000000084800000, 0x0000000084800000|100%| O|  |TAMS 0x0000000084700000| PB 0x0000000084700000| Untracked |  0
|  72|0x0000000084800000, 0x0000000084900000, 0x0000000084900000|100%| O|  |TAMS 0x0000000084800000| PB 0x0000000084800000| Untracked |  0
|  73|0x0000000084900000, 0x0000000084a00000, 0x0000000084a00000|100%| O|  |TAMS 0x0000000084900000| PB 0x0000000084900000| Untracked |  0
|  74|0x0000000084a00000, 0x0000000084b00000, 0x0000000084b00000|100%| O|  |TAMS 0x0000000084a00000| PB 0x0000000084a00000| Untracked |  0
|  75|0x0000000084b00000, 0x0000000084c00000, 0x0000000084c00000|100%| O|  |TAMS 0x0000000084b00000| PB 0x0000000084b00000| Untracked |  0
|  76|0x0000000084c00000, 0x0000000084d00000, 0x0000000084d00000|100%| O|  |TAMS 0x0000000084c00000| PB 0x0000000084c00000| Untracked |  0
|  77|0x0000000084d00000, 0x0000000084e00000, 0x0000000084e00000|100%| O|  |TAMS 0x0000000084d00000| PB 0x0000000084d00000| Untracked |  0
|  78|0x0000000084e00000, 0x0000000084f00000, 0x0000000084f00000|100%|HS|  |TAMS 0x0000000084e00000| PB 0x0000000084e00000| Complete |  0
|  79|0x0000000084f00000, 0x0000000085000000, 0x0000000085000000|100%|HC|  |TAMS 0x0000000084f00000| PB 0x0000000084f00000| Complete |  0
|  80|0x0000000085000000, 0x0000000085100000, 0x0000000085100000|100%|HC|  |TAMS 0x0000000085000000| PB 0x0000000085000000| Complete |  0
|  81|0x0000000085100000, 0x0000000085200000, 0x0000000085200000|100%|HC|  |TAMS 0x0000000085100000| PB 0x0000000085100000| Complete |  0
|  82|0x0000000085200000, 0x0000000085300000, 0x0000000085300000|100%| O|  |TAMS 0x0000000085200000| PB 0x0000000085200000| Untracked |  0
|  83|0x0000000085300000, 0x0000000085400000, 0x0000000085400000|100%| O|  |TAMS 0x0000000085300000| PB 0x0000000085300000| Untracked |  0
|  84|0x0000000085400000, 0x0000000085500000, 0x0000000085500000|100%| O|  |TAMS 0x0000000085400000| PB 0x0000000085400000| Untracked |  0
|  85|0x0000000085500000, 0x0000000085600000, 0x0000000085600000|100%| O|  |TAMS 0x0000000085500000| PB 0x0000000085500000| Untracked |  0
|  86|0x0000000085600000, 0x0000000085600000, 0x0000000085700000|  0%| F|  |TAMS 0x0000000085600000| PB 0x0000000085600000| Untracked |  0
|  87|0x0000000085700000, 0x0000000085800000, 0x0000000085800000|100%| O|  |TAMS 0x0000000085700000| PB 0x0000000085700000| Untracked |  0
|  88|0x0000000085800000, 0x0000000085800000, 0x0000000085900000|  0%| F|  |TAMS 0x0000000085800000| PB 0x0000000085800000| Untracked |  0
|  89|0x0000000085900000, 0x0000000085a00000, 0x0000000085a00000|100%| O|  |TAMS 0x0000000085900000| PB 0x0000000085900000| Untracked |  0
|  90|0x0000000085a00000, 0x0000000085b00000, 0x0000000085b00000|100%| O|  |TAMS 0x0000000085a00000| PB 0x0000000085a00000| Untracked |  0
|  91|0x0000000085b00000, 0x0000000085c00000, 0x0000000085c00000|100%| O|  |TAMS 0x0000000085b00000| PB 0x0000000085b00000| Untracked |  0
|  92|0x0000000085c00000, 0x0000000085d00000, 0x0000000085d00000|100%| O|  |TAMS 0x0000000085c00000| PB 0x0000000085c00000| Untracked |  0
|  93|0x0000000085d00000, 0x0000000085e00000, 0x0000000085e00000|100%| O|  |TAMS 0x0000000085d00000| PB 0x0000000085d00000| Untracked |  0
|  94|0x0000000085e00000, 0x0000000085e00000, 0x0000000085f00000|  0%| F|  |TAMS 0x0000000085e00000| PB 0x0000000085e00000| Untracked |  0
|  95|0x0000000085f00000, 0x0000000086000000, 0x0000000086000000|100%| O|  |TAMS 0x0000000085f00000| PB 0x0000000085f00000| Untracked |  0
|  96|0x0000000086000000, 0x0000000086100000, 0x0000000086100000|100%| O|  |TAMS 0x0000000086000000| PB 0x0000000086000000| Untracked |  0
|  97|0x0000000086100000, 0x0000000086200000, 0x0000000086200000|100%| O|  |TAMS 0x0000000086100000| PB 0x0000000086100000| Untracked |  0
|  98|0x0000000086200000, 0x0000000086200000, 0x0000000086300000|  0%| F|  |TAMS 0x0000000086200000| PB 0x0000000086200000| Untracked |  0
|  99|0x0000000086300000, 0x0000000086400000, 0x0000000086400000|100%| O|  |TAMS 0x0000000086300000| PB 0x0000000086300000| Untracked |  0
| 100|0x0000000086400000, 0x0000000086500000, 0x0000000086500000|100%| O|  |TAMS 0x0000000086400000| PB 0x0000000086400000| Untracked |  0
| 101|0x0000000086500000, 0x0000000086600000, 0x0000000086600000|100%| O|  |TAMS 0x0000000086500000| PB 0x0000000086500000| Untracked |  0
| 102|0x0000000086600000, 0x0000000086700000, 0x0000000086700000|100%| O|  |TAMS 0x0000000086600000| PB 0x0000000086600000| Untracked |  0
| 103|0x0000000086700000, 0x0000000086800000, 0x0000000086800000|100%| O|  |TAMS 0x0000000086700000| PB 0x0000000086700000| Untracked |  0
| 104|0x0000000086800000, 0x0000000086900000, 0x0000000086900000|100%| O|  |TAMS 0x0000000086800000| PB 0x0000000086800000| Untracked |  0
| 105|0x0000000086900000, 0x0000000086a00000, 0x0000000086a00000|100%| O|  |TAMS 0x0000000086900000| PB 0x0000000086900000| Untracked |  0
| 106|0x0000000086a00000, 0x0000000086b00000, 0x0000000086b00000|100%| O|  |TAMS 0x0000000086a00000| PB 0x0000000086a00000| Untracked |  0
| 107|0x0000000086b00000, 0x0000000086c00000, 0x0000000086c00000|100%| O|  |TAMS 0x0000000086b00000| PB 0x0000000086b00000| Untracked |  0
| 108|0x0000000086c00000, 0x0000000086d00000, 0x0000000086d00000|100%| O|  |TAMS 0x0000000086c00000| PB 0x0000000086c00000| Untracked |  0
| 109|0x0000000086d00000, 0x0000000086e00000, 0x0000000086e00000|100%| O|  |TAMS 0x0000000086d00000| PB 0x0000000086d00000| Untracked |  0
| 110|0x0000000086e00000, 0x0000000086f00000, 0x0000000086f00000|100%| O|  |TAMS 0x0000000086e00000| PB 0x0000000086e00000| Untracked |  0
| 111|0x0000000086f00000, 0x0000000087000000, 0x0000000087000000|100%| O|  |TAMS 0x0000000086f00000| PB 0x0000000086f00000| Untracked |  0
| 112|0x0000000087000000, 0x0000000087100000, 0x0000000087100000|100%| O|  |TAMS 0x0000000087000000| PB 0x0000000087000000| Untracked |  0
| 113|0x0000000087100000, 0x0000000087200000, 0x0000000087200000|100%| O|  |TAMS 0x0000000087100000| PB 0x0000000087100000| Untracked |  0
| 114|0x0000000087200000, 0x0000000087300000, 0x0000000087300000|100%| O|  |TAMS 0x0000000087200000| PB 0x0000000087200000| Untracked |  0
| 115|0x0000000087300000, 0x0000000087300000, 0x0000000087400000|  0%| F|  |TAMS 0x0000000087300000| PB 0x0000000087300000| Untracked |  0
| 116|0x0000000087400000, 0x0000000087500000, 0x0000000087500000|100%| O|  |TAMS 0x0000000087400000| PB 0x0000000087400000| Untracked |  0
| 117|0x0000000087500000, 0x0000000087600000, 0x0000000087600000|100%|HS|  |TAMS 0x0000000087500000| PB 0x0000000087500000| Complete |  0
| 118|0x0000000087600000, 0x0000000087700000, 0x0000000087700000|100%| O|  |TAMS 0x0000000087600000| PB 0x0000000087600000| Untracked |  0
| 119|0x0000000087700000, 0x0000000087800000, 0x0000000087800000|100%| O|  |TAMS 0x0000000087700000| PB 0x0000000087700000| Untracked |  0
| 120|0x0000000087800000, 0x0000000087900000, 0x0000000087900000|100%| O|  |TAMS 0x0000000087800000| PB 0x0000000087800000| Untracked |  0
| 121|0x0000000087900000, 0x0000000087a00000, 0x0000000087a00000|100%| O|  |TAMS 0x0000000087900000| PB 0x0000000087900000| Untracked |  0
| 122|0x0000000087a00000, 0x0000000087b00000, 0x0000000087b00000|100%| O|  |TAMS 0x0000000087a00000| PB 0x0000000087a00000| Untracked |  0
| 123|0x0000000087b00000, 0x0000000087c00000, 0x0000000087c00000|100%| O|  |TAMS 0x0000000087b00000| PB 0x0000000087b00000| Untracked |  0
| 124|0x0000000087c00000, 0x0000000087d00000, 0x0000000087d00000|100%| O|  |TAMS 0x0000000087c00000| PB 0x0000000087c00000| Untracked |  0
| 125|0x0000000087d00000, 0x0000000087e00000, 0x0000000087e00000|100%| O|  |TAMS 0x0000000087d00000| PB 0x0000000087d00000| Untracked |  0
| 126|0x0000000087e00000, 0x0000000087f00000, 0x0000000087f00000|100%| O|  |TAMS 0x0000000087e00000| PB 0x0000000087e00000| Untracked |  0
| 127|0x0000000087f00000, 0x0000000088000000, 0x0000000088000000|100%| O|  |TAMS 0x0000000087f00000| PB 0x0000000087f00000| Untracked |  0
| 128|0x0000000088000000, 0x0000000088100000, 0x0000000088100000|100%| O|  |TAMS 0x0000000088000000| PB 0x0000000088000000| Untracked |  0
| 129|0x0000000088100000, 0x0000000088200000, 0x0000000088200000|100%| O|  |TAMS 0x0000000088100000| PB 0x0000000088100000| Untracked |  0
| 130|0x0000000088200000, 0x0000000088300000, 0x0000000088300000|100%| O|  |TAMS 0x0000000088200000| PB 0x0000000088200000| Untracked |  0
| 131|0x0000000088300000, 0x0000000088400000, 0x0000000088400000|100%| O|  |TAMS 0x0000000088300000| PB 0x0000000088300000| Untracked |  0
| 132|0x0000000088400000, 0x0000000088500000, 0x0000000088500000|100%| O|  |TAMS 0x0000000088400000| PB 0x0000000088400000| Untracked |  0
| 133|0x0000000088500000, 0x0000000088600000, 0x0000000088600000|100%| O|  |TAMS 0x0000000088500000| PB 0x0000000088500000| Untracked |  0
| 134|0x0000000088600000, 0x0000000088700000, 0x0000000088700000|100%| O|  |TAMS 0x0000000088600000| PB 0x0000000088600000| Untracked |  0
| 135|0x0000000088700000, 0x0000000088700000, 0x0000000088800000|  0%| F|  |TAMS 0x0000000088700000| PB 0x0000000088700000| Untracked |  0
| 136|0x0000000088800000, 0x0000000088800000, 0x0000000088900000|  0%| F|  |TAMS 0x0000000088800000| PB 0x0000000088800000| Untracked |  0
| 137|0x0000000088900000, 0x0000000088a00000, 0x0000000088a00000|100%| O|  |TAMS 0x0000000088900000| PB 0x0000000088900000| Untracked |  0
| 138|0x0000000088a00000, 0x0000000088b00000, 0x0000000088b00000|100%| O|  |TAMS 0x0000000088a00000| PB 0x0000000088a00000| Untracked |  0
| 139|0x0000000088b00000, 0x0000000088b00000, 0x0000000088c00000|  0%| F|  |TAMS 0x0000000088b00000| PB 0x0000000088b00000| Untracked |  0
| 140|0x0000000088c00000, 0x0000000088c00000, 0x0000000088d00000|  0%| F|  |TAMS 0x0000000088c00000| PB 0x0000000088c00000| Untracked |  0
| 141|0x0000000088d00000, 0x0000000088d00000, 0x0000000088e00000|  0%| F|  |TAMS 0x0000000088d00000| PB 0x0000000088d00000| Untracked |  0
| 142|0x0000000088e00000, 0x0000000088e00000, 0x0000000088f00000|  0%| F|  |TAMS 0x0000000088e00000| PB 0x0000000088e00000| Untracked |  0
| 143|0x0000000088f00000, 0x0000000088f00000, 0x0000000089000000|  0%| F|  |TAMS 0x0000000088f00000| PB 0x0000000088f00000| Untracked |  0
| 144|0x0000000089000000, 0x0000000089000000, 0x0000000089100000|  0%| F|  |TAMS 0x0000000089000000| PB 0x0000000089000000| Untracked |  0
| 145|0x0000000089100000, 0x0000000089100000, 0x0000000089200000|  0%| F|  |TAMS 0x0000000089100000| PB 0x0000000089100000| Untracked |  0
| 146|0x0000000089200000, 0x0000000089200000, 0x0000000089300000|  0%| F|  |TAMS 0x0000000089200000| PB 0x0000000089200000| Untracked |  0
| 147|0x0000000089300000, 0x0000000089300000, 0x0000000089400000|  0%| F|  |TAMS 0x0000000089300000| PB 0x0000000089300000| Untracked |  0
| 148|0x0000000089400000, 0x0000000089400000, 0x0000000089500000|  0%| F|  |TAMS 0x0000000089400000| PB 0x0000000089400000| Untracked |  0
| 149|0x0000000089500000, 0x0000000089500000, 0x0000000089600000|  0%| F|  |TAMS 0x0000000089500000| PB 0x0000000089500000| Untracked |  0
| 150|0x0000000089600000, 0x0000000089600000, 0x0000000089700000|  0%| F|  |TAMS 0x0000000089600000| PB 0x0000000089600000| Untracked |  0
| 151|0x0000000089700000, 0x0000000089800000, 0x0000000089800000|100%| O|  |TAMS 0x0000000089700000| PB 0x0000000089700000| Untracked |  0
| 152|0x0000000089800000, 0x0000000089900000, 0x0000000089900000|100%| O|  |TAMS 0x0000000089800000| PB 0x0000000089800000| Untracked |  0
| 153|0x0000000089900000, 0x0000000089a00000, 0x0000000089a00000|100%| O|  |TAMS 0x0000000089900000| PB 0x0000000089900000| Untracked |  0
| 154|0x0000000089a00000, 0x0000000089b00000, 0x0000000089b00000|100%| O|  |TAMS 0x0000000089a00000| PB 0x0000000089a00000| Untracked |  0
| 155|0x0000000089b00000, 0x0000000089c00000, 0x0000000089c00000|100%| O|  |TAMS 0x0000000089b00000| PB 0x0000000089b00000| Untracked |  0
| 156|0x0000000089c00000, 0x0000000089d00000, 0x0000000089d00000|100%| O|  |TAMS 0x0000000089c00000| PB 0x0000000089c00000| Untracked |  0
| 157|0x0000000089d00000, 0x0000000089e00000, 0x0000000089e00000|100%| O|  |TAMS 0x0000000089d00000| PB 0x0000000089d00000| Untracked |  0
| 158|0x0000000089e00000, 0x0000000089f00000, 0x0000000089f00000|100%| O|  |TAMS 0x0000000089e00000| PB 0x0000000089e00000| Untracked |  0
| 159|0x0000000089f00000, 0x000000008a000000, 0x000000008a000000|100%| O|  |TAMS 0x0000000089f00000| PB 0x0000000089f00000| Untracked |  0
| 160|0x000000008a000000, 0x000000008a100000, 0x000000008a100000|100%| O|  |TAMS 0x000000008a000000| PB 0x000000008a000000| Untracked |  0
| 161|0x000000008a100000, 0x000000008a200000, 0x000000008a200000|100%| O|  |TAMS 0x000000008a100000| PB 0x000000008a100000| Untracked |  0
| 162|0x000000008a200000, 0x000000008a300000, 0x000000008a300000|100%| O|  |TAMS 0x000000008a200000| PB 0x000000008a200000| Untracked |  0
| 163|0x000000008a300000, 0x000000008a400000, 0x000000008a400000|100%| S|CS|TAMS 0x000000008a300000| PB 0x000000008a300000| Complete |  0
| 164|0x000000008a400000, 0x000000008a500000, 0x000000008a500000|100%| S|CS|TAMS 0x000000008a400000| PB 0x000000008a400000| Complete |  0
| 165|0x000000008a500000, 0x000000008a600000, 0x000000008a600000|100%| S|CS|TAMS 0x000000008a500000| PB 0x000000008a500000| Complete |  0
| 166|0x000000008a600000, 0x000000008a700000, 0x000000008a700000|100%| S|CS|TAMS 0x000000008a600000| PB 0x000000008a600000| Complete |  0
| 167|0x000000008a700000, 0x000000008a800000, 0x000000008a800000|100%| S|CS|TAMS 0x000000008a700000| PB 0x000000008a700000| Complete |  0
| 168|0x000000008a800000, 0x000000008a900000, 0x000000008a900000|100%| S|CS|TAMS 0x000000008a800000| PB 0x000000008a800000| Complete |  0
| 169|0x000000008a900000, 0x000000008aa00000, 0x000000008aa00000|100%| S|CS|TAMS 0x000000008a900000| PB 0x000000008a900000| Complete |  0
| 170|0x000000008aa00000, 0x000000008aa00000, 0x000000008ab00000|  0%| F|  |TAMS 0x000000008aa00000| PB 0x000000008aa00000| Untracked |  0
| 171|0x000000008ab00000, 0x000000008ab00000, 0x000000008ac00000|  0%| F|  |TAMS 0x000000008ab00000| PB 0x000000008ab00000| Untracked |  0
| 172|0x000000008ac00000, 0x000000008ac00000, 0x000000008ad00000|  0%| F|  |TAMS 0x000000008ac00000| PB 0x000000008ac00000| Untracked |  0
| 173|0x000000008ad00000, 0x000000008ad00000, 0x000000008ae00000|  0%| F|  |TAMS 0x000000008ad00000| PB 0x000000008ad00000| Untracked |  0
| 174|0x000000008ae00000, 0x000000008ae00000, 0x000000008af00000|  0%| F|  |TAMS 0x000000008ae00000| PB 0x000000008ae00000| Untracked |  0
| 175|0x000000008af00000, 0x000000008af00000, 0x000000008b000000|  0%| F|  |TAMS 0x000000008af00000| PB 0x000000008af00000| Untracked |  0
| 176|0x000000008b000000, 0x000000008b000000, 0x000000008b100000|  0%| F|  |TAMS 0x000000008b000000| PB 0x000000008b000000| Untracked |  0
| 177|0x000000008b100000, 0x000000008b100000, 0x000000008b200000|  0%| F|  |TAMS 0x000000008b100000| PB 0x000000008b100000| Untracked |  0
| 178|0x000000008b200000, 0x000000008b200000, 0x000000008b300000|  0%| F|  |TAMS 0x000000008b200000| PB 0x000000008b200000| Untracked |  0
| 179|0x000000008b300000, 0x000000008b300000, 0x000000008b400000|  0%| F|  |TAMS 0x000000008b300000| PB 0x000000008b300000| Untracked |  0
| 180|0x000000008b400000, 0x000000008b400000, 0x000000008b500000|  0%| F|  |TAMS 0x000000008b400000| PB 0x000000008b400000| Untracked |  0
| 181|0x000000008b500000, 0x000000008b500000, 0x000000008b600000|  0%| F|  |TAMS 0x000000008b500000| PB 0x000000008b500000| Untracked |  0
| 182|0x000000008b600000, 0x000000008b600000, 0x000000008b700000|  0%| F|  |TAMS 0x000000008b600000| PB 0x000000008b600000| Untracked |  0
| 183|0x000000008b700000, 0x000000008b700000, 0x000000008b800000|  0%| F|  |TAMS 0x000000008b700000| PB 0x000000008b700000| Untracked |  0
| 184|0x000000008b800000, 0x000000008b800000, 0x000000008b900000|  0%| F|  |TAMS 0x000000008b800000| PB 0x000000008b800000| Untracked |  0
| 185|0x000000008b900000, 0x000000008b900000, 0x000000008ba00000|  0%| F|  |TAMS 0x000000008b900000| PB 0x000000008b900000| Untracked |  0
| 186|0x000000008ba00000, 0x000000008ba00000, 0x000000008bb00000|  0%| F|  |TAMS 0x000000008ba00000| PB 0x000000008ba00000| Untracked |  0
| 187|0x000000008bb00000, 0x000000008bb00000, 0x000000008bc00000|  0%| F|  |TAMS 0x000000008bb00000| PB 0x000000008bb00000| Untracked |  0
| 188|0x000000008bc00000, 0x000000008bc00000, 0x000000008bd00000|  0%| F|  |TAMS 0x000000008bc00000| PB 0x000000008bc00000| Untracked |  0
| 189|0x000000008bd00000, 0x000000008bd00000, 0x000000008be00000|  0%| F|  |TAMS 0x000000008bd00000| PB 0x000000008bd00000| Untracked |  0
| 190|0x000000008be00000, 0x000000008be00000, 0x000000008bf00000|  0%| F|  |TAMS 0x000000008be00000| PB 0x000000008be00000| Untracked |  0
| 191|0x000000008bf00000, 0x000000008bf00000, 0x000000008c000000|  0%| F|  |TAMS 0x000000008bf00000| PB 0x000000008bf00000| Untracked |  0
| 192|0x000000008c000000, 0x000000008c000000, 0x000000008c100000|  0%| F|  |TAMS 0x000000008c000000| PB 0x000000008c000000| Untracked |  0
| 193|0x000000008c100000, 0x000000008c100000, 0x000000008c200000|  0%| F|  |TAMS 0x000000008c100000| PB 0x000000008c100000| Untracked |  0
| 194|0x000000008c200000, 0x000000008c200000, 0x000000008c300000|  0%| F|  |TAMS 0x000000008c200000| PB 0x000000008c200000| Untracked |  0
| 195|0x000000008c300000, 0x000000008c300000, 0x000000008c400000|  0%| F|  |TAMS 0x000000008c300000| PB 0x000000008c300000| Untracked |  0
| 196|0x000000008c400000, 0x000000008c400000, 0x000000008c500000|  0%| F|  |TAMS 0x000000008c400000| PB 0x000000008c400000| Untracked |  0
| 197|0x000000008c500000, 0x000000008c500000, 0x000000008c600000|  0%| F|  |TAMS 0x000000008c500000| PB 0x000000008c500000| Untracked |  0
| 198|0x000000008c600000, 0x000000008c600000, 0x000000008c700000|  0%| F|  |TAMS 0x000000008c600000| PB 0x000000008c600000| Untracked |  0
| 199|0x000000008c700000, 0x000000008c700000, 0x000000008c800000|  0%| F|  |TAMS 0x000000008c700000| PB 0x000000008c700000| Untracked |  0
| 200|0x000000008c800000, 0x000000008c800000, 0x000000008c900000|  0%| F|  |TAMS 0x000000008c800000| PB 0x000000008c800000| Untracked |  0
| 201|0x000000008c900000, 0x000000008c900000, 0x000000008ca00000|  0%| F|  |TAMS 0x000000008c900000| PB 0x000000008c900000| Untracked |  0
| 202|0x000000008ca00000, 0x000000008ca00000, 0x000000008cb00000|  0%| F|  |TAMS 0x000000008ca00000| PB 0x000000008ca00000| Untracked |  0
| 203|0x000000008cb00000, 0x000000008cb00000, 0x000000008cc00000|  0%| F|  |TAMS 0x000000008cb00000| PB 0x000000008cb00000| Untracked |  0
| 204|0x000000008cc00000, 0x000000008cc00000, 0x000000008cd00000|  0%| F|  |TAMS 0x000000008cc00000| PB 0x000000008cc00000| Untracked |  0
| 205|0x000000008cd00000, 0x000000008cd00000, 0x000000008ce00000|  0%| F|  |TAMS 0x000000008cd00000| PB 0x000000008cd00000| Untracked |  0
| 206|0x000000008ce00000, 0x000000008ce00000, 0x000000008cf00000|  0%| F|  |TAMS 0x000000008ce00000| PB 0x000000008ce00000| Untracked |  0
| 207|0x000000008cf00000, 0x000000008cf00000, 0x000000008d000000|  0%| F|  |TAMS 0x000000008cf00000| PB 0x000000008cf00000| Untracked |  0
| 208|0x000000008d000000, 0x000000008d000000, 0x000000008d100000|  0%| F|  |TAMS 0x000000008d000000| PB 0x000000008d000000| Untracked |  0
| 209|0x000000008d100000, 0x000000008d100000, 0x000000008d200000|  0%| F|  |TAMS 0x000000008d100000| PB 0x000000008d100000| Untracked |  0
| 210|0x000000008d200000, 0x000000008d200000, 0x000000008d300000|  0%| F|  |TAMS 0x000000008d200000| PB 0x000000008d200000| Untracked |  0
| 211|0x000000008d300000, 0x000000008d300000, 0x000000008d400000|  0%| F|  |TAMS 0x000000008d300000| PB 0x000000008d300000| Untracked |  0
| 212|0x000000008d400000, 0x000000008d400000, 0x000000008d500000|  0%| F|  |TAMS 0x000000008d400000| PB 0x000000008d400000| Untracked |  0
| 213|0x000000008d500000, 0x000000008d500000, 0x000000008d600000|  0%| F|  |TAMS 0x000000008d500000| PB 0x000000008d500000| Untracked |  0
| 214|0x000000008d600000, 0x000000008d600000, 0x000000008d700000|  0%| F|  |TAMS 0x000000008d600000| PB 0x000000008d600000| Untracked |  0
| 215|0x000000008d700000, 0x000000008d700000, 0x000000008d800000|  0%| F|  |TAMS 0x000000008d700000| PB 0x000000008d700000| Untracked |  0
| 216|0x000000008d800000, 0x000000008d800000, 0x000000008d900000|  0%| F|  |TAMS 0x000000008d800000| PB 0x000000008d800000| Untracked |  0
| 217|0x000000008d900000, 0x000000008d900000, 0x000000008da00000|  0%| F|  |TAMS 0x000000008d900000| PB 0x000000008d900000| Untracked |  0
| 218|0x000000008da00000, 0x000000008da00000, 0x000000008db00000|  0%| F|  |TAMS 0x000000008da00000| PB 0x000000008da00000| Untracked |  0
| 219|0x000000008db00000, 0x000000008db00000, 0x000000008dc00000|  0%| F|  |TAMS 0x000000008db00000| PB 0x000000008db00000| Untracked |  0
| 220|0x000000008dc00000, 0x000000008dc00000, 0x000000008dd00000|  0%| F|  |TAMS 0x000000008dc00000| PB 0x000000008dc00000| Untracked |  0
| 221|0x000000008dd00000, 0x000000008dd00000, 0x000000008de00000|  0%| F|  |TAMS 0x000000008dd00000| PB 0x000000008dd00000| Untracked |  0
| 222|0x000000008de00000, 0x000000008de00000, 0x000000008df00000|  0%| F|  |TAMS 0x000000008de00000| PB 0x000000008de00000| Untracked |  0
| 223|0x000000008df00000, 0x000000008df00000, 0x000000008e000000|  0%| F|  |TAMS 0x000000008df00000| PB 0x000000008df00000| Untracked |  0
| 224|0x000000008e000000, 0x000000008e000000, 0x000000008e100000|  0%| F|  |TAMS 0x000000008e000000| PB 0x000000008e000000| Untracked |  0
| 225|0x000000008e100000, 0x000000008e100000, 0x000000008e200000|  0%| F|  |TAMS 0x000000008e100000| PB 0x000000008e100000| Untracked |  0
| 226|0x000000008e200000, 0x000000008e200000, 0x000000008e300000|  0%| F|  |TAMS 0x000000008e200000| PB 0x000000008e200000| Untracked |  0
| 227|0x000000008e300000, 0x000000008e300000, 0x000000008e400000|  0%| F|  |TAMS 0x000000008e300000| PB 0x000000008e300000| Untracked |  0
| 228|0x000000008e400000, 0x000000008e400000, 0x000000008e500000|  0%| F|  |TAMS 0x000000008e400000| PB 0x000000008e400000| Untracked |  0
| 229|0x000000008e500000, 0x000000008e500000, 0x000000008e600000|  0%| F|  |TAMS 0x000000008e500000| PB 0x000000008e500000| Untracked |  0
| 230|0x000000008e600000, 0x000000008e600000, 0x000000008e700000|  0%| F|  |TAMS 0x000000008e600000| PB 0x000000008e600000| Untracked |  0
| 231|0x000000008e700000, 0x000000008e700000, 0x000000008e800000|  0%| F|  |TAMS 0x000000008e700000| PB 0x000000008e700000| Untracked |  0
| 232|0x000000008e800000, 0x000000008e800000, 0x000000008e900000|  0%| F|  |TAMS 0x000000008e800000| PB 0x000000008e800000| Untracked |  0
| 233|0x000000008e900000, 0x000000008e900000, 0x000000008ea00000|  0%| F|  |TAMS 0x000000008e900000| PB 0x000000008e900000| Untracked |  0
| 234|0x000000008ea00000, 0x000000008ea00000, 0x000000008eb00000|  0%| F|  |TAMS 0x000000008ea00000| PB 0x000000008ea00000| Untracked |  0
| 235|0x000000008eb00000, 0x000000008eb00000, 0x000000008ec00000|  0%| F|  |TAMS 0x000000008eb00000| PB 0x000000008eb00000| Untracked |  0
| 236|0x000000008ec00000, 0x000000008ec00000, 0x000000008ed00000|  0%| F|  |TAMS 0x000000008ec00000| PB 0x000000008ec00000| Untracked |  0
| 237|0x000000008ed00000, 0x000000008ed00000, 0x000000008ee00000|  0%| F|  |TAMS 0x000000008ed00000| PB 0x000000008ed00000| Untracked |  0
| 238|0x000000008ee00000, 0x000000008ee00000, 0x000000008ef00000|  0%| F|  |TAMS 0x000000008ee00000| PB 0x000000008ee00000| Untracked |  0
| 239|0x000000008ef00000, 0x000000008ef00000, 0x000000008f000000|  0%| F|  |TAMS 0x000000008ef00000| PB 0x000000008ef00000| Untracked |  0
| 240|0x000000008f000000, 0x000000008f000000, 0x000000008f100000|  0%| F|  |TAMS 0x000000008f000000| PB 0x000000008f000000| Untracked |  0
| 241|0x000000008f100000, 0x000000008f100000, 0x000000008f200000|  0%| F|  |TAMS 0x000000008f100000| PB 0x000000008f100000| Untracked |  0
| 242|0x000000008f200000, 0x000000008f200000, 0x000000008f300000|  0%| F|  |TAMS 0x000000008f200000| PB 0x000000008f200000| Untracked |  0
| 243|0x000000008f300000, 0x000000008f300000, 0x000000008f400000|  0%| F|  |TAMS 0x000000008f300000| PB 0x000000008f300000| Untracked |  0
| 244|0x000000008f400000, 0x000000008f400000, 0x000000008f500000|  0%| F|  |TAMS 0x000000008f400000| PB 0x000000008f400000| Untracked |  0
| 245|0x000000008f500000, 0x000000008f500000, 0x000000008f600000|  0%| F|  |TAMS 0x000000008f500000| PB 0x000000008f500000| Untracked |  0
| 246|0x000000008f600000, 0x000000008f600000, 0x000000008f700000|  0%| F|  |TAMS 0x000000008f600000| PB 0x000000008f600000| Untracked |  0
| 247|0x000000008f700000, 0x000000008f700000, 0x000000008f800000|  0%| F|  |TAMS 0x000000008f700000| PB 0x000000008f700000| Untracked |  0
| 248|0x000000008f800000, 0x000000008f800000, 0x000000008f900000|  0%| F|  |TAMS 0x000000008f800000| PB 0x000000008f800000| Untracked |  0
| 249|0x000000008f900000, 0x000000008f900000, 0x000000008fa00000|  0%| F|  |TAMS 0x000000008f900000| PB 0x000000008f900000| Untracked |  0
| 250|0x000000008fa00000, 0x000000008fa00000, 0x000000008fb00000|  0%| F|  |TAMS 0x000000008fa00000| PB 0x000000008fa00000| Untracked |  0
| 251|0x000000008fb00000, 0x000000008fb00000, 0x000000008fc00000|  0%| F|  |TAMS 0x000000008fb00000| PB 0x000000008fb00000| Untracked |  0
| 252|0x000000008fc00000, 0x000000008fc00000, 0x000000008fd00000|  0%| F|  |TAMS 0x000000008fc00000| PB 0x000000008fc00000| Untracked |  0
| 253|0x000000008fd00000, 0x000000008fd00000, 0x000000008fe00000|  0%| F|  |TAMS 0x000000008fd00000| PB 0x000000008fd00000| Untracked |  0
| 254|0x000000008fe00000, 0x000000008fe00000, 0x000000008ff00000|  0%| F|  |TAMS 0x000000008fe00000| PB 0x000000008fe00000| Untracked |  0
| 255|0x000000008ff00000, 0x000000008ff00000, 0x0000000090000000|  0%| F|  |TAMS 0x000000008ff00000| PB 0x000000008ff00000| Untracked |  0
| 256|0x0000000090000000, 0x0000000090000000, 0x0000000090100000|  0%| F|  |TAMS 0x0000000090000000| PB 0x0000000090000000| Untracked |  0
| 257|0x0000000090100000, 0x0000000090100000, 0x0000000090200000|  0%| F|  |TAMS 0x0000000090100000| PB 0x0000000090100000| Untracked |  0
| 258|0x0000000090200000, 0x0000000090200000, 0x0000000090300000|  0%| F|  |TAMS 0x0000000090200000| PB 0x0000000090200000| Untracked |  0
| 259|0x0000000090300000, 0x0000000090300000, 0x0000000090400000|  0%| F|  |TAMS 0x0000000090300000| PB 0x0000000090300000| Untracked |  0
| 260|0x0000000090400000, 0x0000000090400000, 0x0000000090500000|  0%| F|  |TAMS 0x0000000090400000| PB 0x0000000090400000| Untracked |  0
| 261|0x0000000090500000, 0x0000000090500000, 0x0000000090600000|  0%| F|  |TAMS 0x0000000090500000| PB 0x0000000090500000| Untracked |  0
| 262|0x0000000090600000, 0x0000000090600000, 0x0000000090700000|  0%| F|  |TAMS 0x0000000090600000| PB 0x0000000090600000| Untracked |  0
| 263|0x0000000090700000, 0x0000000090800000, 0x0000000090800000|100%| S|CS|TAMS 0x0000000090700000| PB 0x0000000090700000| Complete |  0
| 264|0x0000000090800000, 0x0000000090900000, 0x0000000090900000|100%| S|CS|TAMS 0x0000000090800000| PB 0x0000000090800000| Complete |  0
| 265|0x0000000090900000, 0x0000000090a00000, 0x0000000090a00000|100%| S|CS|TAMS 0x0000000090900000| PB 0x0000000090900000| Complete |  0
| 266|0x0000000090a00000, 0x0000000090b00000, 0x0000000090b00000|100%| S|CS|TAMS 0x0000000090a00000| PB 0x0000000090a00000| Complete |  0
| 267|0x0000000090b00000, 0x0000000090c00000, 0x0000000090c00000|100%| S|CS|TAMS 0x0000000090b00000| PB 0x0000000090b00000| Complete |  0
| 268|0x0000000090c00000, 0x0000000090d00000, 0x0000000090d00000|100%| S|CS|TAMS 0x0000000090c00000| PB 0x0000000090c00000| Complete |  0
| 269|0x0000000090d00000, 0x0000000090d80000, 0x0000000090e00000| 50%| S|CS|TAMS 0x0000000090d00000| PB 0x0000000090d00000| Complete |  0
|2027|0x00000000feb00000, 0x00000000feb5fe80, 0x00000000fec00000| 37%| O|  |TAMS 0x00000000feb00000| PB 0x00000000feb00000| Untracked |  0
|2028|0x00000000fec00000, 0x00000000fed00000, 0x00000000fed00000|100%| O|  |TAMS 0x00000000fec00000| PB 0x00000000fec00000| Untracked |  0
|2029|0x00000000fed00000, 0x00000000fee00000, 0x00000000fee00000|100%| O|  |TAMS 0x00000000fed00000| PB 0x00000000fed00000| Untracked |  0
|2030|0x00000000fee00000, 0x00000000fee00000, 0x00000000fef00000|  0%| F|  |TAMS 0x00000000fee00000| PB 0x00000000fee00000| Untracked |  0
|2031|0x00000000fef00000, 0x00000000fef80000, 0x00000000ff000000| 50%| E|  |TAMS 0x00000000fef00000| PB 0x00000000fef00000| Complete |  0
|2032|0x00000000ff000000, 0x00000000ff100000, 0x00000000ff100000|100%| E|CS|TAMS 0x00000000ff000000| PB 0x00000000ff000000| Complete |  0
|2033|0x00000000ff100000, 0x00000000ff200000, 0x00000000ff200000|100%| E|CS|TAMS 0x00000000ff100000| PB 0x00000000ff100000| Complete |  0
|2034|0x00000000ff200000, 0x00000000ff300000, 0x00000000ff300000|100%| E|CS|TAMS 0x00000000ff200000| PB 0x00000000ff200000| Complete |  0
|2035|0x00000000ff300000, 0x00000000ff400000, 0x00000000ff400000|100%| E|CS|TAMS 0x00000000ff300000| PB 0x00000000ff300000| Complete |  0
|2036|0x00000000ff400000, 0x00000000ff500000, 0x00000000ff500000|100%| E|CS|TAMS 0x00000000ff400000| PB 0x00000000ff400000| Complete |  0
|2037|0x00000000ff500000, 0x00000000ff600000, 0x00000000ff600000|100%| E|CS|TAMS 0x00000000ff500000| PB 0x00000000ff500000| Complete |  0
|2038|0x00000000ff600000, 0x00000000ff700000, 0x00000000ff700000|100%| E|CS|TAMS 0x00000000ff600000| PB 0x00000000ff600000| Complete |  0
|2039|0x00000000ff700000, 0x00000000ff800000, 0x00000000ff800000|100%| E|CS|TAMS 0x00000000ff700000| PB 0x00000000ff700000| Complete |  0
|2040|0x00000000ff800000, 0x00000000ff900000, 0x00000000ff900000|100%| E|CS|TAMS 0x00000000ff800000| PB 0x00000000ff800000| Complete |  0
|2041|0x00000000ff900000, 0x00000000ffa00000, 0x00000000ffa00000|100%| E|CS|TAMS 0x00000000ff900000| PB 0x00000000ff900000| Complete |  0
|2042|0x00000000ffa00000, 0x00000000ffb00000, 0x00000000ffb00000|100%| E|CS|TAMS 0x00000000ffa00000| PB 0x00000000ffa00000| Complete |  0
|2043|0x00000000ffb00000, 0x00000000ffc00000, 0x00000000ffc00000|100%| E|CS|TAMS 0x00000000ffb00000| PB 0x00000000ffb00000| Complete |  0
|2044|0x00000000ffc00000, 0x00000000ffd00000, 0x00000000ffd00000|100%| E|CS|TAMS 0x00000000ffc00000| PB 0x00000000ffc00000| Complete |  0
|2045|0x00000000ffd00000, 0x00000000ffe00000, 0x00000000ffe00000|100%| E|CS|TAMS 0x00000000ffd00000| PB 0x00000000ffd00000| Complete |  0
|2046|0x00000000ffe00000, 0x00000000fff00000, 0x00000000fff00000|100%| E|CS|TAMS 0x00000000ffe00000| PB 0x00000000ffe00000| Complete |  0
|2047|0x00000000fff00000, 0x0000000100000000, 0x0000000100000000|100%| E|CS|TAMS 0x00000000fff00000| PB 0x00000000fff00000| Complete |  0

Card table byte_map: [0x000001be13150000,0x000001be13550000] _byte_map_base: 0x000001be12d50000

Marking Bits: (CMBitMap*) 0x000001be0089eb90
 Bits: [0x000001be13550000, 0x000001be15550000)

Polling page: 0x000001be00010000

Metaspace:
Metaspace        used 160010K, committed 162048K, reserved 1245184K
 class space     used 21942K, committed 22912K, reserved 1048576K

Usage:
  Non-class:    134.83 MB used.
      Class:     21.43 MB used.
       Both:    156.26 MB used.

Virtual space:
  Non-class space:      192.00 MB reserved,     135.88 MB ( 71%) committed,  3 nodes.
      Class space:        1.00 GB reserved,      22.38 MB (  2%) committed,  1 nodes.
             Both:        1.19 GB reserved,     158.25 MB ( 13%) committed. 

Chunk freelists:
   Non-Class:  7.97 MB
       Class:  9.67 MB
        Both:  17.64 MB

MaxMetaspaceSize: unlimited
CompressedClassSpaceSize: 1.00 GB
Initial GC threshold: 21.00 MB
Current GC threshold: 262.44 MB
CDS: off
 - commit_granule_bytes: 65536.
 - commit_granule_words: 8192.
 - virtual_space_node_default_size: 8388608.
 - enlarge_chunks_in_place: 1.
UseCompressedClassPointers 1, UseCompactObjectHeaders 0
Narrow klass pointer bits 32, Max shift 3
Narrow klass base: 0x0000000000000000, Narrow klass shift: 0
Encoding Range: [0x0000000000000000 - 0x0000000100000000), (4294967296 bytes)
Klass Range:    [0x000000003b000000 - 0x000000007b000000), (1073741824 bytes)
Klass ID Range:  [989855744 - 2063597561) (1073741817)
No protection zone.


Internal statistics:

num_allocs_failed_limit: 6.
num_arena_births: 3764.
num_arena_deaths: 6.
num_vsnodes_births: 4.
num_vsnodes_deaths: 0.
num_space_committed: 2534.
num_space_uncommitted: 3.
num_chunks_returned_to_freelist: 38.
num_chunks_taken_from_freelist: 9826.
num_chunk_merges: 12.
num_chunk_splits: 6988.
num_chunks_enlarged: 5086.
num_inconsistent_stats: 0.

CodeHeap 'non-profiled nmethods': size=120064Kb used=7773Kb max_used=7773Kb free=112290Kb
 bounds [0x000001be0b810000, 0x000001be0bfb0000, 0x000001be12d50000]
CodeHeap 'profiled nmethods': size=120064Kb used=26186Kb max_used=26186Kb free=93878Kb
 bounds [0x000001be03d30000, 0x000001be056d0000, 0x000001be0b270000]
CodeHeap 'non-nmethods': size=5760Kb used=2500Kb max_used=2646Kb free=3260Kb
 bounds [0x000001be0b270000, 0x000001be0b520000, 0x000001be0b810000]
CodeCache: size=245888Kb, used=36459Kb, max_used=36605Kb, free=209428Kb
 total_blobs=17800, nmethods=16716, adapters=983, full_count=0
Compilation: enabled, stopped_count=0, restarted_count=0

Compilation events (20 events):
Event: 130.287 Thread 0x000001be17bc00d0 19726       2       com.android.tools.r8.internal.z63::a (44 bytes)
Event: 130.287 Thread 0x000001be17bc00d0 nmethod 19726 0x000001be0568b188 code [0x000001be0568b280, 0x000001be0568b458]
Event: 130.289 Thread 0x000001be17bc00d0 19727       1       com.android.tools.r8.internal.yq::V0 (2 bytes)
Event: 130.290 Thread 0x000001be17bc00d0 nmethod 19727 0x000001be0bfa1788 code [0x000001be0bfa1880, 0x000001be0bfa1948]
Event: 130.293 Thread 0x000001be17bc00d0 19728       2       com.android.tools.r8.graph.a8::a (16 bytes)
Event: 130.293 Thread 0x000001be17bc00d0 nmethod 19728 0x000001be0568b488 code [0x000001be0568b580, 0x000001be0568b758]
Event: 130.294 Thread 0x000001be17bc00d0 19729       2       java.util.stream.SliceOps$1$1::accept (52 bytes)
Event: 130.295 Thread 0x000001be17bc00d0 nmethod 19729 0x000001be0568b788 code [0x000001be0568b880, 0x000001be0568ba18]
Event: 130.301 Thread 0x000001be17bc00d0 19731       1       com.android.tools.r8.internal.yq::m2 (4 bytes)
Event: 130.301 Thread 0x000001be17bc00d0 nmethod 19731 0x000001be0bfa1a88 code [0x000001be0bfa1b80, 0x000001be0bfa1c48]
Event: 130.301 Thread 0x000001be17bc00d0 19732       1       com.android.tools.r8.internal.yq::l2 (4 bytes)
Event: 130.301 Thread 0x000001be17bc00d0 nmethod 19732 0x000001be0bfa1d88 code [0x000001be0bfa1e80, 0x000001be0bfa1f48]
Event: 130.332 Thread 0x000001be17bc00d0 19735       3       com.android.tools.r8.internal.d51::a (947 bytes)
Event: 130.362 Thread 0x000001be17bc00d0 nmethod 19735 0x000001be0568ba88 code [0x000001be0568bb80, 0x000001be05690468]
Event: 130.362 Thread 0x000001be17bc00d0 19738       2       com.android.tools.r8.internal.wk::<init> (151 bytes)
Event: 130.362 Thread 0x000001be17bc00d0 nmethod 19738 0x000001be05690488 code [0x000001be05690580, 0x000001be05690720]
Event: 130.362 Thread 0x000001be17bc00d0 19737       2       java.util.HashMap$TreeNode::rotateLeft (91 bytes)
Event: 130.363 Thread 0x000001be17bc00d0 nmethod 19737 0x000001be05690788 code [0x000001be05690880, 0x000001be05690c58]
Event: 130.363 Thread 0x000001be17bc00d0 19739       2       com.android.tools.r8.internal.wk::a (130 bytes)
Event: 130.364 Thread 0x000001be17bc00d0 nmethod 19739 0x000001be05690c88 code [0x000001be05690d80, 0x000001be056912f0]

GC Heap Usage History (20 events):
Event: 67.674 {heap Before GC invocations=51 (full 0):
 garbage-first heap   total reserved 2097152K, committed 201728K, used 159974K [0x0000000080000000, 0x0000000100000000)
  region size 1024K, 43 young (44032K), 3 survivors (3072K)
}
Event: 67.686 {heap After GC invocations=52 (full 0):
 garbage-first heap   total reserved 2097152K, committed 201728K, used 123199K [0x0000000080000000, 0x0000000100000000)
  region size 1024K, 6 young (6144K), 6 survivors (6144K)
}
Event: 70.535 {heap Before GC invocations=52 (full 0):
 garbage-first heap   total reserved 2097152K, committed 201728K, used 180543K [0x0000000080000000, 0x0000000100000000)
  region size 1024K, 60 young (61440K), 6 survivors (6144K)
}
Event: 70.569 {heap After GC invocations=53 (full 0):
 garbage-first heap   total reserved 2097152K, committed 201728K, used 134773K [0x0000000080000000, 0x0000000100000000)
  region size 1024K, 8 young (8192K), 8 survivors (8192K)
}
Event: 76.010 {heap Before GC invocations=53 (full 0):
 garbage-first heap   total reserved 2097152K, committed 201728K, used 178805K [0x0000000080000000, 0x0000000100000000)
  region size 1024K, 52 young (53248K), 8 survivors (8192K)
}
Event: 76.039 {heap After GC invocations=54 (full 0):
 garbage-first heap   total reserved 2097152K, committed 201728K, used 136551K [0x0000000080000000, 0x0000000100000000)
  region size 1024K, 4 young (4096K), 4 survivors (4096K)
}
Event: 80.781 {heap Before GC invocations=55 (full 0):
 garbage-first heap   total reserved 2097152K, committed 229376K, used 181607K [0x0000000080000000, 0x0000000100000000)
  region size 1024K, 49 young (50176K), 4 survivors (4096K)
}
Event: 80.835 {heap After GC invocations=56 (full 0):
 garbage-first heap   total reserved 2097152K, committed 229376K, used 141048K [0x0000000080000000, 0x0000000100000000)
  region size 1024K, 7 young (7168K), 7 survivors (7168K)
}
Event: 108.348 {heap Before GC invocations=56 (full 0):
 garbage-first heap   total reserved 2097152K, committed 229376K, used 206584K [0x0000000080000000, 0x0000000100000000)
  region size 1024K, 72 young (73728K), 7 survivors (7168K)
}
Event: 108.558 {heap After GC invocations=57 (full 0):
 garbage-first heap   total reserved 2097152K, committed 229376K, used 139877K [0x0000000080000000, 0x0000000100000000)
  region size 1024K, 9 young (9216K), 9 survivors (9216K)
}
Event: 110.992 {heap Before GC invocations=57 (full 0):
 garbage-first heap   total reserved 2097152K, committed 229376K, used 207461K [0x0000000080000000, 0x0000000100000000)
  region size 1024K, 76 young (77824K), 9 survivors (9216K)
}
Event: 111.022 {heap After GC invocations=58 (full 0):
 garbage-first heap   total reserved 2097152K, committed 229376K, used 143092K [0x0000000080000000, 0x0000000100000000)
  region size 1024K, 7 young (7168K), 7 survivors (7168K)
}
Event: 117.435 {heap Before GC invocations=59 (full 0):
 garbage-first heap   total reserved 2097152K, committed 239616K, used 211700K [0x0000000080000000, 0x0000000100000000)
  region size 1024K, 75 young (76800K), 7 survivors (7168K)
}
Event: 117.471 {heap After GC invocations=60 (full 0):
 garbage-first heap   total reserved 2097152K, committed 287744K, used 147069K [0x0000000080000000, 0x0000000100000000)
  region size 1024K, 7 young (7168K), 7 survivors (7168K)
}
Event: 122.291 {heap Before GC invocations=60 (full 0):
 garbage-first heap   total reserved 2097152K, committed 287744K, used 267901K [0x0000000080000000, 0x0000000100000000)
  region size 1024K, 126 young (129024K), 7 survivors (7168K)
}
Event: 122.316 {heap After GC invocations=61 (full 0):
 garbage-first heap   total reserved 2097152K, committed 287744K, used 147340K [0x0000000080000000, 0x0000000100000000)
  region size 1024K, 10 young (10240K), 10 survivors (10240K)
}
Event: 126.590 {heap Before GC invocations=61 (full 0):
 garbage-first heap   total reserved 2097152K, committed 287744K, used 268172K [0x0000000080000000, 0x0000000100000000)
  region size 1024K, 129 young (132096K), 10 survivors (10240K)
}
Event: 126.605 {heap After GC invocations=62 (full 0):
 garbage-first heap   total reserved 2097152K, committed 287744K, used 144384K [0x0000000080000000, 0x0000000100000000)
  region size 1024K, 5 young (5120K), 5 survivors (5120K)
}
Event: 130.214 {heap Before GC invocations=63 (full 0):
 garbage-first heap   total reserved 2097152K, committed 287744K, used 271360K [0x0000000080000000, 0x0000000100000000)
  region size 1024K, 130 young (133120K), 5 survivors (5120K)
}
Event: 130.259 {heap After GC invocations=64 (full 0):
 garbage-first heap   total reserved 2097152K, committed 287744K, used 154112K [0x0000000080000000, 0x0000000100000000)
  region size 1024K, 15 young (15360K), 15 survivors (15360K)
}

Metaspace Usage History (20 events):
Event: 67.674 {metaspace Before GC invocations=51 (full 0):
 Metaspace       used 119735K, committed 121664K, reserved 1179648K
  class space    used 16331K, committed 17216K, reserved 1048576K
}
Event: 67.686 {metaspace After GC invocations=52 (full 0):
 Metaspace       used 119735K, committed 121664K, reserved 1179648K
  class space    used 16331K, committed 17216K, reserved 1048576K
}
Event: 70.535 {metaspace Before GC invocations=52 (full 0):
 Metaspace       used 124878K, committed 126784K, reserved 1179648K
  class space    used 16940K, committed 17856K, reserved 1048576K
}
Event: 70.569 {metaspace After GC invocations=53 (full 0):
 Metaspace       used 124878K, committed 126784K, reserved 1179648K
  class space    used 16940K, committed 17856K, reserved 1048576K
}
Event: 76.010 {metaspace Before GC invocations=53 (full 0):
 Metaspace       used 127705K, committed 129664K, reserved 1179648K
  class space    used 17365K, committed 18304K, reserved 1048576K
}
Event: 76.039 {metaspace After GC invocations=54 (full 0):
 Metaspace       used 127705K, committed 129664K, reserved 1179648K
  class space    used 17365K, committed 18304K, reserved 1048576K
}
Event: 80.781 {metaspace Before GC invocations=55 (full 0):
 Metaspace       used 133393K, committed 135296K, reserved 1179648K
  class space    used 18087K, committed 19008K, reserved 1048576K
}
Event: 80.835 {metaspace After GC invocations=56 (full 0):
 Metaspace       used 133393K, committed 135296K, reserved 1179648K
  class space    used 18087K, committed 19008K, reserved 1048576K
}
Event: 108.348 {metaspace Before GC invocations=56 (full 0):
 Metaspace       used 136614K, committed 138560K, reserved 1179648K
  class space    used 18508K, committed 19456K, reserved 1048576K
}
Event: 108.558 {metaspace After GC invocations=57 (full 0):
 Metaspace       used 136614K, committed 138560K, reserved 1179648K
  class space    used 18508K, committed 19456K, reserved 1048576K
}
Event: 110.992 {metaspace Before GC invocations=57 (full 0):
 Metaspace       used 142454K, committed 144448K, reserved 1179648K
  class space    used 19412K, committed 20352K, reserved 1048576K
}
Event: 111.022 {metaspace After GC invocations=58 (full 0):
 Metaspace       used 142454K, committed 144448K, reserved 1179648K
  class space    used 19412K, committed 20352K, reserved 1048576K
}
Event: 117.435 {metaspace Before GC invocations=59 (full 0):
 Metaspace       used 147710K, committed 149696K, reserved 1179648K
  class space    used 20170K, committed 21120K, reserved 1048576K
}
Event: 117.471 {metaspace After GC invocations=60 (full 0):
 Metaspace       used 147710K, committed 149696K, reserved 1179648K
  class space    used 20170K, committed 21120K, reserved 1048576K
}
Event: 122.291 {metaspace Before GC invocations=60 (full 0):
 Metaspace       used 156306K, committed 158272K, reserved 1245184K
  class space    used 21585K, committed 22528K, reserved 1048576K
}
Event: 122.316 {metaspace After GC invocations=61 (full 0):
 Metaspace       used 156306K, committed 158272K, reserved 1245184K
  class space    used 21585K, committed 22528K, reserved 1048576K
}
Event: 126.590 {metaspace Before GC invocations=61 (full 0):
 Metaspace       used 159160K, committed 161152K, reserved 1245184K
  class space    used 21848K, committed 22784K, reserved 1048576K
}
Event: 126.605 {metaspace After GC invocations=62 (full 0):
 Metaspace       used 159160K, committed 161152K, reserved 1245184K
  class space    used 21848K, committed 22784K, reserved 1048576K
}
Event: 130.214 {metaspace Before GC invocations=63 (full 0):
 Metaspace       used 159839K, committed 161856K, reserved 1245184K
  class space    used 21914K, committed 22848K, reserved 1048576K
}
Event: 130.259 {metaspace After GC invocations=64 (full 0):
 Metaspace       used 159839K, committed 161856K, reserved 1245184K
  class space    used 21914K, committed 22848K, reserved 1048576K
}

Dll operation events (4 events):
Event: 0.047 Loaded shared library C:\Program Files\Android\Android Studio\jbr\bin\java.dll
Event: 0.106 Loaded shared library C:\Program Files\Android\Android Studio\jbr\bin\zip.dll
Event: 2.544 Loaded shared library C:\Program Files\Android\Android Studio\jbr\bin\verify.dll
Event: 112.741 Unloaded dll "C:\Users\User\AppData\Local\Temp\sqlite-3.41.2.2-1a4fad22-da2d-4080-b681-ad5c89295994-sqlitejdbc.dll" [0x00007ff8e8af0000]

Deoptimization events (20 events):
Event: 130.281 Thread 0x000001be200c2f20 DEOPT PACKING pc=0x000001be0526f6ee sp=0x000000b97ecf8bb0
Event: 130.281 Thread 0x000001be200c2f20 DEOPT UNPACKING pc=0x000001be0b2c12a2 sp=0x000000b97ecf82b0 mode 0
Event: 130.282 Thread 0x000001be200c7570 Uncommon trap: trap_request=0xffffff45 fr.pc=0x000001be0bee912c relative=0x000000000000078c
Event: 130.282 Thread 0x000001be200c7570 Uncommon trap: reason=unstable_if action=reinterpret pc=0x000001be0bee912c method=com.android.tools.r8.internal.no.a(ILcom/android/tools/r8/internal/az0;)I @ 182 c2
Event: 130.282 Thread 0x000001be200c7570 DEOPT PACKING pc=0x000001be0bee912c sp=0x000000b97f0f62e0
Event: 130.282 Thread 0x000001be200c7570 DEOPT UNPACKING pc=0x000001be0b302582 sp=0x000000b97f0f6278 mode 2
Event: 130.297 Thread 0x000001be2023a800 DEOPT PACKING pc=0x000001be05084aa6 sp=0x000000b97f2f8d40
Event: 130.297 Thread 0x000001be2023a800 DEOPT UNPACKING pc=0x000001be0b2c12a2 sp=0x000000b97f2f8458 mode 0
Event: 130.305 Thread 0x000001be2023a800 DEOPT PACKING pc=0x000001be05084aa6 sp=0x000000b97f2f8d10
Event: 130.305 Thread 0x000001be2023a800 DEOPT UNPACKING pc=0x000001be0b2c12a2 sp=0x000000b97f2f8428 mode 0
Event: 130.332 Thread 0x000001be200c7570 Uncommon trap: trap_request=0xffffff45 fr.pc=0x000001be0bf4d7a0 relative=0x0000000000001f20
Event: 130.332 Thread 0x000001be200c7570 Uncommon trap: reason=unstable_if action=reinterpret pc=0x000001be0bf4d7a0 method=com.android.tools.r8.internal.d51.a(Lcom/android/tools/r8/internal/d51;Lcom/android/tools/r8/internal/v63;Lcom/android/tools/r8/internal/n62;)Z @ 28 c2
Event: 130.332 Thread 0x000001be200c7570 DEOPT PACKING pc=0x000001be0bf4d7a0 sp=0x000000b97f0f5950
Event: 130.332 Thread 0x000001be200c7570 DEOPT UNPACKING pc=0x000001be0b302582 sp=0x000000b97f0f5928 mode 2
Event: 130.338 Thread 0x000001be2023a800 DEOPT PACKING pc=0x000001be049dea4a sp=0x000000b97f2f8930
Event: 130.338 Thread 0x000001be2023a800 DEOPT UNPACKING pc=0x000001be0b2c12a2 sp=0x000000b97f2f7e40 mode 0
Event: 130.342 Thread 0x000001be2023a800 DEOPT PACKING pc=0x000001be05084a85 sp=0x000000b97f2f8d40
Event: 130.342 Thread 0x000001be2023a800 DEOPT UNPACKING pc=0x000001be0b2c12a2 sp=0x000000b97f2f8458 mode 0
Event: 130.352 Thread 0x000001be2023a800 DEOPT PACKING pc=0x000001be05084aa6 sp=0x000000b97f2f8d40
Event: 130.353 Thread 0x000001be2023a800 DEOPT UNPACKING pc=0x000001be0b2c12a2 sp=0x000000b97f2f8458 mode 0

Classes loaded (20 events):
Event: 120.083 Loading class java/util/stream/SortedOps$RefSortingSink
Event: 120.085 Loading class java/util/stream/SortedOps$RefSortingSink done
Event: 121.667 Loading class java/nio/ShortBuffer
Event: 121.670 Loading class java/nio/ShortBuffer done
Event: 121.750 Loading class java/nio/ByteBufferAsShortBufferL
Event: 121.753 Loading class java/nio/ByteBufferAsShortBufferL done
Event: 121.802 Loading class java/util/zip/Adler32
Event: 121.814 Loading class java/util/zip/Adler32 done
Event: 122.904 Loading class java/util/zip/ZipOutputStream
Event: 122.907 Loading class java/util/zip/ZipOutputStream done
Event: 122.907 Loading class java/util/zip/Deflater
Event: 122.908 Loading class java/util/zip/Deflater done
Event: 122.911 Loading class java/util/zip/Deflater$DeflaterZStreamRef
Event: 122.911 Loading class java/util/zip/Deflater$DeflaterZStreamRef done
Event: 122.918 Loading class java/util/zip/ZipOutputStream$XEntry
Event: 122.919 Loading class java/util/zip/ZipOutputStream$XEntry done
Event: 128.239 Loading class java/util/concurrent/ConcurrentHashMap$TreeNode
Event: 128.249 Loading class java/util/concurrent/ConcurrentHashMap$TreeNode done
Event: 128.250 Loading class java/util/concurrent/ConcurrentHashMap$TreeBin
Event: 128.254 Loading class java/util/concurrent/ConcurrentHashMap$TreeBin done

Classes unloaded (20 events):
Event: 112.062 Thread 0x000001be17b4eb00 Unloading class 0x000000003c036ea0 'androidx/room/compiler/processing/javac/XTypeElementStore'
Event: 112.062 Thread 0x000001be17b4eb00 Unloading class 0x000000003c036c18 'androidx/room/compiler/processing/ksp/KspProcessingEnv$ksTypeVarianceResolver$2'
Event: 112.062 Thread 0x000001be17b4eb00 Unloading class 0x000000003c036990 'androidx/room/compiler/processing/ksp/KspProcessingEnv$jvmVersion$2'
Event: 112.062 Thread 0x000001be17b4eb00 Unloading class 0x000000003c036708 'androidx/room/compiler/processing/ksp/KspProcessingEnv$jvmPlatformInfo$2'
Event: 112.062 Thread 0x000001be17b4eb00 Unloading class 0x000000003c036248 'androidx/room/compiler/processing/XProcessingEnv$Backend'
Event: 112.062 Thread 0x000001be17b4eb00 Unloading class 0x000000003c036000 'androidx/room/compiler/processing/XProcessingEnv$Companion'
Event: 112.062 Thread 0x000001be17b4eb00 Unloading class 0x000000003c035a48 'androidx/room/compiler/processing/ksp/KspProcessingEnv'
Event: 112.063 Thread 0x000001be17b4eb00 Unloading class 0x000000003c035808 'androidx/room/compiler/processing/XProcessingEnv'
Event: 112.063 Thread 0x000001be17b4eb00 Unloading class 0x000000003c035580 'androidx/room/compiler/processing/ksp/KspBasicAnnotationProcessor$DelegateLogger'
Event: 112.063 Thread 0x000001be17b4eb00 Unloading class 0x000000003c0350c0 'androidx/room/processor/Context$BooleanProcessorOptions'
Event: 112.063 Thread 0x000001be17b4eb00 Unloading class 0x000000003c034e70 'androidx/room/compiler/processing/XProcessingEnvConfig$Builder'
Event: 112.063 Thread 0x000001be17b4eb00 Unloading class 0x000000003c034c28 'androidx/room/compiler/processing/XProcessingEnvConfig$Companion'
Event: 112.063 Thread 0x000001be17b4eb00 Unloading class 0x000000003c0349e0 'androidx/room/compiler/processing/XProcessingEnvConfig'
Event: 112.063 Thread 0x000001be17b4eb00 Unloading class 0x000000003c034798 'androidx/room/DatabaseProcessingStep$Companion'
Event: 112.063 Thread 0x000001be17b4eb00 Unloading class 0x000000003c034510 'androidx/room/DatabaseProcessingStep'
Event: 112.063 Thread 0x000001be17b4eb00 Unloading class 0x000000003c0342d0 'androidx/room/compiler/processing/XProcessingStep'
Event: 112.063 Thread 0x000001be17b4eb00 Unloading class 0x000000003c034000 'androidx/room/RoomKspProcessor'
Event: 112.063 Thread 0x000001be17b4eb00 Unloading class 0x000000003bb88ca0 'androidx/room/compiler/processing/ksp/KspBasicAnnotationProcessor'
Event: 112.063 Thread 0x000001be17b4eb00 Unloading class 0x000000003bb88a60 'androidx/room/compiler/processing/XBasicAnnotationProcessor'
Event: 112.063 Thread 0x000001be17b4eb00 Unloading class 0x000000003bb88800 'androidx/room/RoomKspProcessor$Provider'

Classes redefined (0 events):
No events

Internal exceptions (20 events):
Event: 129.578 Thread 0x000001be200c2f20 Exception <a 'sun/nio/fs/WindowsException'{0x000000008ae0dab8}> (0x000000008ae0dab8) 
thrown [s\src\hotspot\share\prims\jni.cpp, line 535]
Event: 129.582 Thread 0x000001be200c2f20 Exception <a 'sun/nio/fs/WindowsException'{0x000000008ae969f0}> (0x000000008ae969f0) 
thrown [s\src\hotspot\share\prims\jni.cpp, line 535]
Event: 129.582 Thread 0x000001be200c2f20 Exception <a 'sun/nio/fs/WindowsException'{0x000000008ae97360}> (0x000000008ae97360) 
thrown [s\src\hotspot\share\prims\jni.cpp, line 535]
Event: 129.583 Thread 0x000001be200c2f20 Exception <a 'sun/nio/fs/WindowsException'{0x000000008ae98da8}> (0x000000008ae98da8) 
thrown [s\src\hotspot\share\prims\jni.cpp, line 535]
Event: 129.584 Thread 0x000001be200c2f20 Exception <a 'sun/nio/fs/WindowsException'{0x000000008ae998e8}> (0x000000008ae998e8) 
thrown [s\src\hotspot\share\prims\jni.cpp, line 535]
Event: 129.587 Thread 0x000001be200c2f20 Exception <a 'sun/nio/fs/WindowsException'{0x000000008ae9f650}> (0x000000008ae9f650) 
thrown [s\src\hotspot\share\prims\jni.cpp, line 535]
Event: 129.587 Thread 0x000001be200c2f20 Exception <a 'sun/nio/fs/WindowsException'{0x000000008aea0480}> (0x000000008aea0480) 
thrown [s\src\hotspot\share\prims\jni.cpp, line 535]
Event: 129.620 Thread 0x000001be200c2f20 Exception <a 'sun/nio/fs/WindowsException'{0x000000008abafc90}> (0x000000008abafc90) 
thrown [s\src\hotspot\share\prims\jni.cpp, line 535]
Event: 129.631 Thread 0x000001be200c2f20 Exception <a 'sun/nio/fs/WindowsException'{0x000000008abbac28}> (0x000000008abbac28) 
thrown [s\src\hotspot\share\prims\jni.cpp, line 535]
Event: 129.638 Thread 0x000001be200c2f20 Exception <a 'sun/nio/fs/WindowsException'{0x000000008abcb710}> (0x000000008abcb710) 
thrown [s\src\hotspot\share\prims\jni.cpp, line 535]
Event: 129.642 Thread 0x000001be200c2f20 Exception <a 'sun/nio/fs/WindowsException'{0x000000008abd27a8}> (0x000000008abd27a8) 
thrown [s\src\hotspot\share\prims\jni.cpp, line 535]
Event: 129.675 Thread 0x000001be200c2f20 Exception <a 'sun/nio/fs/WindowsException'{0x000000008aa81f38}> (0x000000008aa81f38) 
thrown [s\src\hotspot\share\prims\jni.cpp, line 535]
Event: 129.681 Thread 0x000001be200c2f20 Exception <a 'sun/nio/fs/WindowsException'{0x000000008aa828a8}> (0x000000008aa828a8) 
thrown [s\src\hotspot\share\prims\jni.cpp, line 535]
Event: 129.682 Thread 0x000001be200c2f20 Exception <a 'sun/nio/fs/WindowsException'{0x000000008aa842c8}> (0x000000008aa842c8) 
thrown [s\src\hotspot\share\prims\jni.cpp, line 535]
Event: 129.682 Thread 0x000001be200c2f20 Exception <a 'sun/nio/fs/WindowsException'{0x000000008aa84e08}> (0x000000008aa84e08) 
thrown [s\src\hotspot\share\prims\jni.cpp, line 535]
Event: 129.719 Thread 0x000001be200c2f20 Exception <a 'sun/nio/fs/WindowsException'{0x000000008aa8aab0}> (0x000000008aa8aab0) 
thrown [s\src\hotspot\share\prims\jni.cpp, line 535]
Event: 129.719 Thread 0x000001be200c2f20 Exception <a 'sun/nio/fs/WindowsException'{0x000000008aa8b8e0}> (0x000000008aa8b8e0) 
thrown [s\src\hotspot\share\prims\jni.cpp, line 535]
Event: 129.752 Thread 0x000001be200c2f20 Exception <a 'sun/nio/fs/WindowsException'{0x000000008aa93190}> (0x000000008aa93190) 
thrown [s\src\hotspot\share\prims\jni.cpp, line 535]
Event: 129.753 Thread 0x000001be200c2f20 Exception <a 'sun/nio/fs/WindowsException'{0x000000008aa945a8}> (0x000000008aa945a8) 
thrown [s\src\hotspot\share\prims\jni.cpp, line 535]
Event: 130.341 Thread 0x000001be200c2f20 Exception <a 'java/lang/NoSuchMethodError'{0x00000000ff107790}: 'void java.lang.invoke.DirectMethodHandle$Holder.invokeSpecial(java.lang.Object, java.lang.Object, java.lang.Object, java.lang.Object, java.lang.Object, java.lang.Object, java.lang.Object, java.lang.Object, java.lang.Object)'> (0x00000000ff107790) 
thrown [s\src\hotspot\share\interpreter\linkResolver.cpp, line 815]

VM Operations (20 events):
Event: 125.510 Executing non-safepoint VM operation: HandshakeAllThreads (Deoptimize)
Event: 125.510 Executing non-safepoint VM operation: HandshakeAllThreads (Deoptimize) done
Event: 126.590 Executing safepoint VM operation: G1CollectForAllocation (G1 Evacuation Pause)
Event: 126.605 Executing safepoint VM operation: G1CollectForAllocation (G1 Evacuation Pause) done
Event: 127.140 Executing safepoint VM operation: G1PauseRemark
Event: 127.198 Executing safepoint VM operation: G1PauseRemark done
Event: 127.304 Executing safepoint VM operation: G1PauseCleanup
Event: 127.304 Executing safepoint VM operation: G1PauseCleanup done
Event: 127.621 Executing non-safepoint VM operation: HandshakeAllThreads (Deoptimize)
Event: 127.626 Executing non-safepoint VM operation: HandshakeAllThreads (Deoptimize) done
Event: 127.834 Executing non-safepoint VM operation: HandshakeAllThreads (Deoptimize)
Event: 127.849 Executing non-safepoint VM operation: HandshakeAllThreads (Deoptimize) done
Event: 128.225 Executing non-safepoint VM operation: HandshakeAllThreads (Deoptimize)
Event: 128.230 Executing non-safepoint VM operation: HandshakeAllThreads (Deoptimize) done
Event: 128.574 Executing non-safepoint VM operation: HandshakeAllThreads (Deoptimize)
Event: 128.574 Executing non-safepoint VM operation: HandshakeAllThreads (Deoptimize) done
Event: 128.899 Executing non-safepoint VM operation: HandshakeAllThreads (Deoptimize)
Event: 128.899 Executing non-safepoint VM operation: HandshakeAllThreads (Deoptimize) done
Event: 130.207 Executing safepoint VM operation: G1CollectForAllocation (G1 Evacuation Pause)
Event: 130.259 Executing safepoint VM operation: G1CollectForAllocation (G1 Evacuation Pause) done

Memory protections (0 events):
No events

Nmethod flushes (20 events):
Event: 127.193 Thread 0x000001be17b4eb00 flushing  nmethod 0x000001be0441cc88
Event: 127.193 Thread 0x000001be17b4eb00 flushing  nmethod 0x000001be044a6388
Event: 127.193 Thread 0x000001be17b4eb00 flushing  nmethod 0x000001be044b4908
Event: 127.193 Thread 0x000001be17b4eb00 flushing  nmethod 0x000001be046d7d88
Event: 127.193 Thread 0x000001be17b4eb00 flushing  nmethod 0x000001be046e4188
Event: 127.193 Thread 0x000001be17b4eb00 flushing  nmethod 0x000001be04779508
Event: 127.193 Thread 0x000001be17b4eb00 flushing  nmethod 0x000001be04779a88
Event: 127.193 Thread 0x000001be17b4eb00 flushing  nmethod 0x000001be047dbf88
Event: 127.193 Thread 0x000001be17b4eb00 flushing  nmethod 0x000001be047f0f08
Event: 127.193 Thread 0x000001be17b4eb00 flushing  nmethod 0x000001be048b6608
Event: 127.193 Thread 0x000001be17b4eb00 flushing  nmethod 0x000001be04ad5f08
Event: 127.193 Thread 0x000001be17b4eb00 flushing  nmethod 0x000001be04d79e88
Event: 127.193 Thread 0x000001be17b4eb00 flushing  nmethod 0x000001be04da2288
Event: 127.193 Thread 0x000001be17b4eb00 flushing  nmethod 0x000001be04e70a08
Event: 127.193 Thread 0x000001be17b4eb00 flushing  nmethod 0x000001be04e72608
Event: 127.193 Thread 0x000001be17b4eb00 flushing  nmethod 0x000001be04e75608
Event: 127.193 Thread 0x000001be17b4eb00 flushing  nmethod 0x000001be04e75908
Event: 127.193 Thread 0x000001be17b4eb00 flushing  nmethod 0x000001be04e7cb08
Event: 127.193 Thread 0x000001be17b4eb00 flushing  nmethod 0x000001be04f60f88
Event: 127.193 Thread 0x000001be17b4eb00 flushing  nmethod 0x000001be04f78388

Events (20 events):
Event: 59.599 Thread 0x000001be20a55010 Thread added: 0x000001be20a5add0
Event: 61.345 Thread 0x000001be20a55010 Thread added: 0x000001be20a5a600
Event: 62.060 Loaded shared library C:\Program Files\Android\Android Studio\jbr\bin\awt.dll
Event: 62.148 Thread 0x000001be20a55010 Thread added: 0x000001be27089890
Event: 62.151 Thread 0x000001be20a55010 Thread added: 0x000001be2708b7d0
Event: 62.156 Thread 0x000001be20a55010 Thread added: 0x000001be2708a830
Event: 63.283 Thread 0x000001be2708b7d0 Thread exited: 0x000001be2708b7d0
Event: 63.353 Thread 0x000001be20a5a600 Thread added: 0x000001be2708b7d0
Event: 68.431 Thread 0x000001be20a5a600 Thread added: 0x000001be2708f650
Event: 70.800 Loaded shared library C:\Users\User\AppData\Local\Temp\sqlite-3.41.2.2-1a4fad22-da2d-4080-b681-ad5c89295994-sqlitejdbc.dll
Event: 86.981 Thread 0x000001be200c5e00 Thread added: 0x000001be20a56f50
Event: 89.415 Thread 0x000001be20a55010 Thread added: 0x000001be2023deb0
Event: 89.436 Thread 0x000001be20a55010 Thread added: 0x000001be21abc8c0
Event: 89.458 Loaded shared library C:\Program Files\Android\Android Studio\jbr\bin\rmi.dll
Event: 89.464 Thread 0x000001be20a55010 Thread added: 0x000001be21abd860
Event: 89.831 Thread 0x000001be20a55010 Thread added: 0x000001be21abb920
Event: 89.832 Thread 0x000001be20a55010 Thread added: 0x000001be21abe030
Event: 89.965 Thread 0x000001be21abb920 Thread added: 0x000001be21abb150
Event: 95.550 Thread 0x000001be1c5e4140 Thread exited: 0x000001be1c5e4140
Event: 104.284 Thread 0x000001be1c3361a0 Thread added: 0x000001be21ac0f10


Dynamic libraries:
0x00007ff634320000 - 0x00007ff63432a000 	C:\Program Files\Android\Android Studio\jbr\bin\java.exe
0x00007ff94da00000 - 0x00007ff94dc67000 	C:\WINDOWS\SYSTEM32\ntdll.dll
0x00007ff94cfb0000 - 0x00007ff94d07b000 	C:\WINDOWS\System32\KERNEL32.DLL
0x00007ff94aeb0000 - 0x00007ff94b2b2000 	C:\WINDOWS\System32\KERNELBASE.dll
0x00007ff94b370000 - 0x00007ff94b4bc000 	C:\WINDOWS\System32\ucrtbase.dll
0x00007ff935330000 - 0x00007ff935346000 	C:\Program Files\Android\Android Studio\jbr\bin\jli.dll
0x00007ff94d4e0000 - 0x00007ff94d6af000 	C:\WINDOWS\System32\USER32.dll
0x00007ff94ae80000 - 0x00007ff94aea7000 	C:\WINDOWS\System32\win32u.dll
0x00007ff94d4b0000 - 0x00007ff94d4db000 	C:\WINDOWS\System32\GDI32.dll
0x00007ff94ad50000 - 0x00007ff94ae79000 	C:\WINDOWS\System32\gdi32full.dll
0x00007ff94b2c0000 - 0x00007ff94b363000 	C:\WINDOWS\System32\msvcp_win.dll
0x00007ff927090000 - 0x00007ff9270ab000 	C:\Program Files\Android\Android Studio\jbr\bin\VCRUNTIME140.dll
0x00007ff935ee0000 - 0x00007ff936170000 	C:\WINDOWS\WinSxS\amd64_microsoft.windows.common-controls_6595b64144ccf1df_6.0.26100.9278_none_3e0d1ba8e3303201\COMCTL32.dll
0x00007ff94b720000 - 0x00007ff94b7c9000 	C:\WINDOWS\System32\msvcrt.dll
0x00007ff94cb20000 - 0x00007ff94cb51000 	C:\WINDOWS\System32\IMM32.DLL
0x00007ff93b710000 - 0x00007ff93b71c000 	C:\Program Files\Android\Android Studio\jbr\bin\vcruntime140_1.dll
0x00007ff8ed030000 - 0x00007ff8ed0bd000 	C:\Program Files\Android\Android Studio\jbr\bin\msvcp140.dll
0x00007ff8ba470000 - 0x00007ff8bb34d000 	C:\Program Files\Android\Android Studio\jbr\bin\server\jvm.dll
0x00007ff94d890000 - 0x00007ff94d94c000 	C:\WINDOWS\System32\ADVAPI32.dll
0x00007ff94cdb0000 - 0x00007ff94ce59000 	C:\WINDOWS\System32\sechost.dll
0x00007ff94c1e0000 - 0x00007ff94c2f8000 	C:\WINDOWS\System32\RPCRT4.dll
0x00007ff94b7f0000 - 0x00007ff94b870000 	C:\WINDOWS\System32\WS2_32.dll
0x00007ff94aa60000 - 0x00007ff94aabe000 	C:\WINDOWS\SYSTEM32\POWRPROF.dll
0x00007ff935e50000 - 0x00007ff935e86000 	C:\WINDOWS\SYSTEM32\WINMM.dll
0x00007ff9426d0000 - 0x00007ff9426db000 	C:\WINDOWS\SYSTEM32\VERSION.dll
0x00007ff94aa40000 - 0x00007ff94aa55000 	C:\WINDOWS\SYSTEM32\UMPDC.dll
0x00007ff9498d0000 - 0x00007ff9498eb000 	C:\WINDOWS\SYSTEM32\kernel.appcore.dll
0x00007ff93a900000 - 0x00007ff93a90a000 	C:\Program Files\Android\Android Studio\jbr\bin\jimage.dll
0x00007ff9481d0000 - 0x00007ff94841c000 	C:\WINDOWS\SYSTEM32\DBGHELP.DLL
0x00007ff94d120000 - 0x00007ff94d4a5000 	C:\WINDOWS\System32\combase.dll
0x00007ff94ce60000 - 0x00007ff94cf39000 	C:\WINDOWS\System32\OLEAUT32.dll
0x00007ff934590000 - 0x00007ff9345cb000 	C:\WINDOWS\SYSTEM32\dbgcore.DLL
0x00007ff94b660000 - 0x00007ff94b70c000 	C:\WINDOWS\System32\bcryptPrimitives.dll
0x00007ff92e150000 - 0x00007ff92e15e000 	C:\Program Files\Android\Android Studio\jbr\bin\instrument.dll
0x00007ff925480000 - 0x00007ff92549e000 	C:\Program Files\Android\Android Studio\jbr\bin\java.dll
0x00007ff94d6d0000 - 0x00007ff94d86a000 	C:\WINDOWS\System32\ole32.dll
0x00007ff94c300000 - 0x00007ff94ca98000 	C:\WINDOWS\System32\SHELL32.dll
0x00007ff935ec0000 - 0x00007ff935ed6000 	C:\Program Files\Android\Android Studio\jbr\bin\zip.dll
0x00007ff9486a0000 - 0x00007ff948f4e000 	C:\WINDOWS\SYSTEM32\windows.storage.dll
0x00007ff94b910000 - 0x00007ff94ba0b000 	C:\WINDOWS\System32\SHCORE.dll
0x00007ff94cf40000 - 0x00007ff94cfa6000 	C:\WINDOWS\System32\shlwapi.dll
0x00007ff94ab20000 - 0x00007ff94ab49000 	C:\WINDOWS\SYSTEM32\profapi.dll
0x00007ff939b50000 - 0x00007ff939b60000 	C:\Program Files\Android\Android Studio\jbr\bin\net.dll
0x00007ff949e90000 - 0x00007ff949efc000 	C:\WINDOWS\system32\mswsock.dll
0x00007ff924ec0000 - 0x00007ff924ed6000 	C:\Program Files\Android\Android Studio\jbr\bin\nio.dll
0x00007ff9382b0000 - 0x00007ff9382c0000 	C:\Program Files\Android\Android Studio\jbr\bin\verify.dll
0x00007ff91c1a0000 - 0x00007ff91c1c7000 	C:\Users\User\.gradle\native\660c5614fbf4a5f2a75b1949f50a0caf5cd603558e7d8a26e50b933a0cfb79d1\windows-amd64\native-platform.dll
0x00007ff8efeb0000 - 0x00007ff8eff27000 	C:\Users\User\.gradle\native\0.2.8\x86_64-windows-gnu\gradle-fileevents.dll
0x00007ff9348f0000 - 0x00007ff9348f9000 	C:\Program Files\Android\Android Studio\jbr\bin\management.dll
0x00007ff934460000 - 0x00007ff93446b000 	C:\Program Files\Android\Android Studio\jbr\bin\management_ext.dll
0x00007ff94b7e0000 - 0x00007ff94b7e8000 	C:\WINDOWS\System32\PSAPI.DLL
0x00007ff9492a0000 - 0x00007ff9492d3000 	C:\WINDOWS\SYSTEM32\IPHLPAPI.DLL
0x00007ff94d6c0000 - 0x00007ff94d6ca000 	C:\WINDOWS\System32\NSI.dll
0x00007ff92e2f0000 - 0x00007ff92e2f9000 	C:\Program Files\Android\Android Studio\jbr\bin\extnet.dll
0x00007ff94a180000 - 0x00007ff94a19b000 	C:\WINDOWS\SYSTEM32\CRYPTSP.dll
0x00007ff949830000 - 0x00007ff949869000 	C:\WINDOWS\system32\rsaenh.dll
0x00007ff949f40000 - 0x00007ff949f74000 	C:\WINDOWS\SYSTEM32\USERENV.dll
0x00007ff94aaf0000 - 0x00007ff94ab1a000 	C:\WINDOWS\SYSTEM32\bcrypt.dll
0x00007ff94a1a0000 - 0x00007ff94a1ac000 	C:\WINDOWS\SYSTEM32\CRYPTBASE.dll
0x00007ff92da60000 - 0x00007ff92da68000 	C:\WINDOWS\system32\wshunix.dll
0x00007ff8d3ac0000 - 0x00007ff8d3c4a000 	C:\Program Files\Android\Android Studio\jbr\bin\awt.dll
0x00007ff947bb0000 - 0x00007ff947bdf000 	C:\WINDOWS\SYSTEM32\dwmapi.dll
0x00007ff921f40000 - 0x00007ff921f83000 	C:\Program Files\Android\Android Studio\jbr\bin\nvdaControllerClient.dll
0x00007ff921c70000 - 0x00007ff921ce5000 	C:\WINDOWS\SYSTEM32\OLEACC.dll
0x00007ff9476f0000 - 0x00007ff94778f000 	C:\WINDOWS\SYSTEM32\apphelp.dll
0x00007ff947920000 - 0x00007ff9479c8000 	C:\WINDOWS\system32\uxtheme.dll
0x00007ff94ba10000 - 0x00007ff94bb6b000 	C:\WINDOWS\System32\MSCTF.dll
0x00007ff949a00000 - 0x00007ff949a36000 	C:\WINDOWS\SYSTEM32\ntmarta.dll
0x00007ff92f780000 - 0x00007ff92f798000 	C:\WINDOWS\system32\napinsp.dll
0x00007ff9492e0000 - 0x00007ff949438000 	C:\WINDOWS\SYSTEM32\DNSAPI.dll
0x00007ff949c70000 - 0x00007ff949c7d000 	C:\WINDOWS\SYSTEM32\DSPARSE.dll
0x00007ff92f760000 - 0x00007ff92f773000 	C:\WINDOWS\System32\winrnr.dll
0x00007ff92f730000 - 0x00007ff92f757000 	C:\WINDOWS\system32\nlansp_c.dll
0x00007ff92f710000 - 0x00007ff92f726000 	C:\WINDOWS\system32\wshbth.dll
0x00007ff938ed0000 - 0x00007ff938edb000 	C:\Windows\System32\rasadhlp.dll
0x00007ff93d0f0000 - 0x00007ff93d176000 	C:\WINDOWS\System32\fwpuclnt.dll
0x00007ff939950000 - 0x00007ff939957000 	C:\Program Files\Android\Android Studio\jbr\bin\rmi.dll

JVMTI agents:
C:\Users\User\.gradle\wrapper\dists\gradle-9.6.0-bin\42k10rwplmzkhuboz9kdazi7s\gradle-9.6.0\lib\agents\gradle-instrumentation-agent-9.6.0.jar path:C:\Program Files\Android\Android Studio\jbr\bin\instrument.dll, loaded, initialized, instrumentlib options:none

dbghelp: loaded successfully - version: 4.0.5 - missing functions: none
symbol engine: initialized successfully - sym options: 0x614 - pdb path: .;C:\Program Files\Android\Android Studio\jbr\bin;C:\WINDOWS\SYSTEM32;C:\WINDOWS\WinSxS\amd64_microsoft.windows.common-controls_6595b64144ccf1df_6.0.26100.9278_none_3e0d1ba8e3303201;C:\Program Files\Android\Android Studio\jbr\bin\server;C:\Users\User\.gradle\native\660c5614fbf4a5f2a75b1949f50a0caf5cd603558e7d8a26e50b933a0cfb79d1\windows-amd64;C:\Users\User\.gradle\native\0.2.8\x86_64-windows-gnu;C:\Users\User\AppData\Local\Temp

VM Arguments:
jvm_args: --add-opens=java.base/java.lang=ALL-UNNAMED --add-opens=java.base/java.lang.invoke=ALL-UNNAMED --add-opens=java.base/java.util=ALL-UNNAMED --add-opens=java.prefs/java.util.prefs=ALL-UNNAMED --add-exports=jdk.compiler/com.sun.tools.javac.api=ALL-UNNAMED --add-exports=jdk.compiler/com.sun.tools.javac.util=ALL-UNNAMED --add-opens=java.base/java.nio.charset=ALL-UNNAMED --add-opens=java.base/java.net=ALL-UNNAMED --add-opens=java.base/java.util.concurrent=ALL-UNNAMED --add-opens=java.base/java.util.concurrent.atomic=ALL-UNNAMED --add-opens=java.xml/javax.xml.namespace=ALL-UNNAMED --add-opens=java.base/java.time=ALL-UNNAMED --enable-native-access=ALL-UNNAMED -Xmx2048m -Dfile.encoding=UTF-8 -Duser.country=US -Duser.language=en -Duser.variant -javaagent:C:\Users\User\.gradle\wrapper\dists\gradle-9.6.0-bin\42k10rwplmzkhuboz9kdazi7s\gradle-9.6.0\lib\agents\gradle-instrumentation-agent-9.6.0.jar 
java_command: org.gradle.launcher.daemon.bootstrap.GradleDaemon 9.6.0
java_class_path (initial): C:\Users\User\.gradle\wrapper\dists\gradle-9.6.0-bin\42k10rwplmzkhuboz9kdazi7s\gradle-9.6.0\lib\gradle-daemon-main-9.6.0.jar
Launcher Type: SUN_STANDARD

[Global flags]
     intx CICompilerCount                          = 3                                         {product} {ergonomic}
     uint ConcGCThreads                            = 1                                         {product} {ergonomic}
     uint G1ConcRefinementThreads                  = 4                                         {product} {ergonomic}
   size_t G1HeapRegionSize                         = 1048576                                   {product} {ergonomic}
   size_t InitialHeapSize                          = 62914560                                  {product} {ergonomic}
   size_t MarkStackSize                            = 4194304                                   {product} {ergonomic}
   size_t MarkStackSizeMax                         = 536870912                                 {product} {ergonomic}
   size_t MaxHeapSize                              = 2147483648                                {product} {command line}
   size_t MaxNewSize                               = 1287651328                                {product} {ergonomic}
   size_t MinHeapDeltaBytes                        = 1048576                                   {product} {ergonomic}
   size_t MinHeapSize                              = 8388608                                   {product} {ergonomic}
    uintx NonNMethodCodeHeapSize                   = 5898240                                {pd product} {ergonomic}
    uintx NonProfiledCodeHeapSize                  = 122945536                              {pd product} {ergonomic}
    uintx ProfiledCodeHeapSize                     = 122945536                              {pd product} {ergonomic}
    uintx ReservedCodeCacheSize                    = 251789312                              {pd product} {ergonomic}
     bool SegmentedCodeCache                       = true                                      {product} {ergonomic}
   size_t SoftMaxHeapSize                          = 2147483648                             {manageable} {ergonomic}
     bool UseCompressedOops                        = true                           {product lp64_product} {ergonomic}
     bool UseG1GC                                  = true                                      {product} {ergonomic}
     bool UseLargePagesIndividualAllocation        = false                                  {pd product} {ergonomic}

Logging:
Log output configuration:
 #0: stdout all=warning uptime,level,tags foldmultilines=false
 #1: stderr all=off uptime,level,tags foldmultilines=false

Release file:
JAVA_VERSION="25.0.3" 
MODULES="java.base java.compiler java.datatransfer java.xml java.prefs java.desktop java.instrument java.logging java.management java.security.sasl java.naming java.rmi java.management.rmi java.net.http java.scripting java.security.jgss java.transaction.xa java.sql java.sql.rowset java.xml.crypto java.se java.smartcardio jdk.accessibility jdk.internal.jvmstat jdk.attach jdk.charsets jdk.internal.opt jdk.zipfs jdk.compiler jdk.crypto.cryptoki jdk.crypto.ec jdk.dynalink jdk.hotspot.agent jdk.httpserver jdk.internal.ed jdk.internal.le jdk.internal.md jdk.internal.vm.ci jdk.jartool jdk.javadoc jdk.jcmd jdk.jdeps jdk.jdwp.agent jdk.jdi jdk.jfr jdk.jlink jdk.localedata jdk.management jdk.management.agent jdk.management.jfr jdk.naming.dns jdk.naming.rmi jdk.net jdk.sctp jdk.security.auth jdk.security.jgss jdk.unsupported jdk.unsupported.desktop jdk.xml.dom" 
IMPLEMENTOR="JetBrains s.r.o." 
JAVA_RUNTIME_VERSION="25.0.3+-15898627-b508.16" 
LIBC="default" 
OS_ARCH="x86_64" 
OS_NAME="Windows" 
SOURCE=".:git:a8b1dba3234f" 

Environment Variables:
JAVA_HOME=C:\Program Files\Android\Android Studio\jbr
PATH=c:\Users\User\AppData\Local\Programs\cursor\resources\app\node_modules\@vscode\ripgrep\bin;C:\WINDOWS\system32;C:\WINDOWS;C:\WINDOWS\System32\Wbem;C:\WINDOWS\System32\WindowsPowerShell\v1.0\;C:\WINDOWS\System32\OpenSSH\;C:\Users\User\Desktop\dump\platform-tools-latest-windows\platform-tools;C:\Program Files\Git\cmd;C:\Users\User\.local\bin;C:\Users\User\AppData\Local\Microsoft\WindowsApps;C:\Users\User\AppData\Local\Programs\Microsoft VS Code\bin;C:\android\platform-tools;C:\Users\User\AppData\Local\Programs\Antigravity IDE\bin;C:\Users\User\AppData\Local\Programs\cursor\resources\app\bin;C:\Users\User\AppData\Local\GitHubDesktop\bin;C:\Program Files\Android\Android Studio\jbr\bin
USERNAME=User
TERM=dumb
OS=Windows_NT
PROCESSOR_IDENTIFIER=Intel64 Family 6 Model 126 Stepping 5, GenuineIntel
TMP=C:\Users\User\AppData\Local\Temp
TEMP=C:\Users\User\AppData\Local\Temp




Compilation memory statistics disabled.

Periodic native trim disabled

JNI global refs:
JNI global refs: 33, weak refs: 47

JNI global refs memory usage: 835, weak refs: 833

Process memory usage:
Resident Set Size: 263036K (6% of 3930488K total physical memory with 59488K free physical memory)

OOME stack traces (most recent first):
Classloader memory used:
Loader java.net.URLClassLoader                                                         : 46808 K
Loader org.gradle.internal.classloader.VisitableURLClassLoader                         : 40154 K
Loader org.gradle.internal.classloader.VisitableURLClassLoader$InstrumentingVisitableURLClassLoader: 34632 K
Loader bootstrap                                                                       : 28338 K
Loader org.gradle.initialization.MixInLegacyTypesClassLoader                           : 9352 K
Loader jdk.internal.jrtfs.JrtFileSystemProvider$JrtFsLoader                            : 308 K
Loader jdk.internal.loader.ClassLoaders$PlatformClassLoader                            : 228 K
Loader jdk.internal.loader.ClassLoaders$AppClassLoader                                 : 188 K

Classes loaded by more than one classloader:
Class kotlin.io.TextStreamsKt                                                         : loaded 2 times (x 73B)
Class kotlin.sequences.FlatteningSequence                                             : loaded 2 times (x 77B)
Class kotlin.sequences.DropTakeSequence                                               : loaded 2 times (x 72B)
Class kotlin.coroutines.jvm.internal.CompletedContinuation                            : loaded 2 times (x 77B)
Class kotlinx.coroutines.internal.ResizableAtomicArray                                : loaded 2 times (x 74B)
Class kotlin.text.StringsKt__StringsKt                                                : loaded 2 times (x 73B)
Class kotlin.NotImplementedError                                                      : loaded 2 times (x 84B)
Class com.google.common.base.PairwiseEquivalence                                      : loaded 2 times (x 85B)
Class com.google.common.base.Equivalence$Identity                                     : loaded 2 times (x 84B)
Class org.gradle.internal.classloader.FilteringClassLoader                            : loaded 2 times (x 106B)
Class jdk.internal.jimage.BasicImageReader                                            : loaded 2 times (x 97B)
Class kotlin.io.FilesKt__FileTreeWalkKt                                               : loaded 2 times (x 73B)
Class kotlin.jvm.internal.CollectionToArray                                           : loaded 2 times (x 73B)
Class kotlinx.coroutines.internal.ThreadContextKt                                     : loaded 2 times (x 73B)
Class kotlinx.coroutines.BuildersKt                                                   : loaded 2 times (x 73B)
Class kotlin.sequences.FilteringSequence$iterator$1                                   : loaded 2 times (x 81B)
Class kotlin.sequences.SequencesKt__SequenceBuilderKt                                 : loaded 2 times (x 73B)
Class kotlin.collections.CollectionsKt__ReversedViewsKt                               : loaded 2 times (x 73B)
Class org.gradle.internal.classloader.ClassLoaderHierarchy                            : loaded 2 times (x 72B)
Class kotlin.jvm.internal.MutablePropertyReference1                                   : loaded 2 times (x 139B)
Class kotlin.jvm.internal.PropertyReference1Impl                                      : loaded 2 times (x 129B)
Class kotlin.SafePublicationLazyImpl$Companion                                        : loaded 2 times (x 73B)
Class com.google.common.collect.ImmutableList$1                                       : loaded 2 times (x 99B)
Class com.google.common.util.concurrent.ExecutionError                                : loaded 2 times (x 84B)
Class com.google.common.collect.AbstractMapBasedMultimap$WrappedCollection            : loaded 2 times (x 126B)
Class kotlin.collections.builders.MapBuilder                                          : loaded 2 times (x 114B)
Class kotlin.ranges.IntProgression$Companion                                          : loaded 2 times (x 73B)
Class com.google.common.io.ByteArrayDataOutput                                        : loaded 2 times (x 72B)
Class jdk.internal.jimage.decompressor.StringSharingDecompressorFactory               : loaded 2 times (x 76B)
Class kotlinx.coroutines.ChildHandle                                                  : loaded 2 times (x 72B)
Class kotlin.sequences.TransformingSequence                                           : loaded 2 times (x 77B)
Class kotlinx.coroutines.CoroutineScope                                               : loaded 2 times (x 72B)
Class com.google.common.collect.UnmodifiableListIterator                              : loaded 2 times (x 97B)
Class [Lkotlin.reflect.KClass;                                                        : loaded 2 times (x 71B)
Class kotlinx.coroutines.scheduling.CoroutineScheduler                                : loaded 2 times (x 83B)
Class kotlinx.coroutines.scheduling.SchedulerTimeSource                               : loaded 2 times (x 74B)
Class com.google.common.base.Platform$JdkPatternCompiler                              : loaded 2 times (x 77B)
Class [Lcom.google.common.cache.CacheBuilder$OneWeigher;                              : loaded 2 times (x 71B)
Class com.google.common.base.Suppliers                                                : loaded 2 times (x 73B)
Class org.gradle.internal.classloader.DefaultClassLoaderFactory                       : loaded 2 times (x 84B)
Class kotlin.sequences.SequencesKt___SequencesKt$flatMap$1                            : loaded 2 times (x 127B)
Class kotlin.KotlinVersion$Companion                                                  : loaded 2 times (x 73B)
Class kotlinx.coroutines.CopyableThreadContextElement                                 : loaded 2 times (x 72B)
Class kotlin.sequences.SequencesKt___SequencesKt                                      : loaded 2 times (x 73B)
Class kotlin.collections.AbstractList$Companion                                       : loaded 2 times (x 73B)
Class kotlin.sequences.SequencesKt___SequencesKt$flatMap$2                            : loaded 2 times (x 127B)
Class kotlin.io.FileTreeWalk$FileTreeWalkIterator                                     : loaded 2 times (x 85B)
Class kotlinx.coroutines.DebugKt                                                      : loaded 2 times (x 73B)
Class kotlin.coroutines.ContinuationInterceptor                                       : loaded 2 times (x 72B)
Class kotlin.text.StringsKt__AppendableKt                                             : loaded 2 times (x 73B)
Class com.google.common.collect.ImmutableEnumMap                                      : loaded 2 times (x 128B)
Class com.google.common.collect.ListMultimap                                          : loaded 2 times (x 72B)
Class kotlin.jvm.internal.ArrayIteratorKt                                             : loaded 2 times (x 73B)
Class kotlin.reflect.KProperty$Accessor                                               : loaded 2 times (x 72B)
Class [Lkotlin.reflect.KCallable;                                                     : loaded 2 times (x 71B)
Class kotlin.jvm.internal.AdaptedFunctionReference                                    : loaded 2 times (x 79B)
Class com.google.common.collect.ImmutableSet$SerializedForm                           : loaded 2 times (x 75B)
Class org.gradle.api.internal.DefaultClassPathProvider                                : loaded 2 times (x 78B)
Class kotlin.sequences.SequenceScope                                                  : loaded 2 times (x 75B)
Class kotlin.coroutines.ContinuationInterceptor$DefaultImpls                          : loaded 2 times (x 73B)
Class kotlin.text.StringsKt__StringNumberConversionsJVMKt                             : loaded 2 times (x 73B)
Class kotlin.sequences.Sequence                                                       : loaded 2 times (x 72B)
Class [Lorg.gradle.api.internal.ClassPathProvider;                                    : loaded 2 times (x 71B)
Class org.gradle.api.internal.ClassPathProvider                                       : loaded 2 times (x 72B)
Class kotlin.jvm.functions.Function20                                                 : loaded 2 times (x 72B)
Class kotlin.collections.CollectionsKt___CollectionsKt$asSequence$$inlined$Sequence$1 : loaded 2 times (x 77B)
Class kotlinx.coroutines.JobNode                                                      : loaded 2 times (x 92B)
Class kotlinx.coroutines.ParentJob                                                    : loaded 2 times (x 72B)
Class kotlinx.coroutines.Delay                                                        : loaded 2 times (x 72B)
Class com.google.common.cache.LocalCache$LocalLoadingCache                            : loaded 2 times (x 136B)
Class org.gradle.internal.service.UnknownServiceException                             : loaded 2 times (x 85B)
Class kotlin.jvm.functions.Function21                                                 : loaded 2 times (x 72B)
Class com.google.common.io.ByteArrayDataInput                                         : loaded 2 times (x 72B)
Class com.google.common.cache.LocalCache$Strength$1                                   : loaded 2 times (x 83B)
Class kotlin.annotation.AnnotationRetention                                           : loaded 2 times (x 81B)
Class kotlin.jvm.functions.Function22                                                 : loaded 2 times (x 72B)
Class kotlin.collections.MapWithDefault                                               : loaded 2 times (x 72B)
Class kotlinx.coroutines.internal.SystemPropsKt                                       : loaded 2 times (x 73B)
Class kotlin.coroutines.jvm.internal.SuspendLambda                                    : loaded 2 times (x 93B)
Class kotlin.coroutines.jvm.internal.ContinuationImpl                                 : loaded 2 times (x 89B)
Class com.google.common.util.concurrent.SettableFuture                                : loaded 2 times (x 116B)
Class com.google.common.cache.LocalCache$Strength$2                                   : loaded 2 times (x 83B)
Class kotlin.reflect.KTypeParameter                                                   : loaded 2 times (x 72B)
Class kotlinx.coroutines.DispatchedTask                                               : loaded 2 times (x 83B)
Class kotlin.text.StringsKt__RegexExtensionsJVMKt                                     : loaded 2 times (x 73B)
Class kotlin.collections.ArraysKt___ArraysJvmKt                                       : loaded 2 times (x 73B)
Class kotlin.collections.CollectionsKt__CollectionsKt                                 : loaded 2 times (x 73B)
Class com.google.common.io.ByteStreams                                                : loaded 2 times (x 73B)
Class com.google.common.cache.LocalCache$Strength$3                                   : loaded 2 times (x 83B)
Class com.google.common.collect.MapDifference                                         : loaded 2 times (x 72B)
Class kotlin.text.Regex$Companion                                                     : loaded 2 times (x 73B)
Class kotlin._Assertions                                                              : loaded 2 times (x 73B)
Class com.google.common.cache.CacheBuilder$NullListener                               : loaded 2 times (x 84B)
Class org.gradle.internal.classpath.TransformedClassPath                              : loaded 2 times (x 98B)
Class org.gradle.internal.classloader.InstrumentingClassLoader                        : loaded 2 times (x 72B)
Class [Lkotlin.annotation.AnnotationTarget;                                           : loaded 2 times (x 71B)
Class kotlin.jvm.internal.FunctionReference                                           : loaded 2 times (x 124B)
Class [Lkotlin.coroutines.intrinsics.CoroutineSingletons;                             : loaded 2 times (x 71B)
Class kotlinx.coroutines.DisposableHandle                                             : loaded 2 times (x 72B)
Class kotlin.jvm.internal.FunctionBase                                                : loaded 2 times (x 72B)
Class kotlin.enums.EnumEntriesList                                                    : loaded 2 times (x 225B)
Class com.google.common.cache.CacheLoader$FunctionToCacheLoader                       : loaded 2 times (x 77B)
Class com.google.common.collect.Iterators$ArrayItr                                    : loaded 2 times (x 99B)
Class com.google.common.collect.ImmutableCollection$Builder                           : loaded 2 times (x 78B)
Class kotlin.comparisons.ComparisonsKt___ComparisonsJvmKt                             : loaded 2 times (x 73B)
Class kotlin.collections.builders.ListBuilder$Companion                               : loaded 2 times (x 73B)
Class kotlin.collections.builders.ListBuilder                                         : loaded 2 times (x 209B)
Class kotlinx.coroutines.scheduling.CoroutineScheduler$Companion                      : loaded 2 times (x 73B)
Class kotlin.collections.CollectionsKt__IteratorsJVMKt                                : loaded 2 times (x 73B)
Class com.google.common.base.Joiner                                                   : loaded 2 times (x 82B)
Class com.google.common.base.MoreObjects                                              : loaded 2 times (x 73B)
Class kotlin.reflect.KProperty0                                                       : loaded 2 times (x 72B)
Class kotlin.Result                                                                   : loaded 2 times (x 74B)
Class kotlinx.coroutines.scheduling.NanoTimeSource                                    : loaded 2 times (x 74B)
Class com.google.common.collect.UnmodifiableIterator                                  : loaded 2 times (x 82B)
Class org.gradle.internal.service.ServiceLocator                                      : loaded 2 times (x 72B)
Class jdk.internal.jrtfs.JrtFileSystemProvider                                        : loaded 2 times (x 103B)
Class kotlin.reflect.KProperty1                                                       : loaded 2 times (x 72B)
Class kotlin.reflect.KClass                                                           : loaded 2 times (x 72B)
Class kotlin.sequences.TransformingSequence$iterator$1                                : loaded 2 times (x 81B)
Class kotlin.Pair                                                                     : loaded 2 times (x 74B)
Class com.google.common.cache.LocalCache$1                                            : loaded 2 times (x 91B)
Class com.google.common.collect.Iterators$SingletonIterator                           : loaded 2 times (x 83B)
Class com.google.common.collect.AbstractMapEntry                                      : loaded 2 times (x 83B)
Class kotlin.sequences.GeneratorSequence$iterator$1                                   : loaded 2 times (x 81B)
Class kotlin.reflect.KProperty2                                                       : loaded 2 times (x 72B)
Class kotlinx.coroutines.scheduling.GlobalQueue                                       : loaded 2 times (x 74B)
Class kotlin.collections.CollectionsKt__MutableCollectionsKt                          : loaded 2 times (x 73B)
Class kotlin.io.CloseableKt                                                           : loaded 2 times (x 73B)
Class com.google.common.cache.LocalCache$2                                            : loaded 2 times (x 144B)
Class com.google.common.collect.AbstractMultimap                                      : loaded 2 times (x 125B)
Class kotlin.io.TerminateException                                                    : loaded 2 times (x 84B)
Class kotlin.io.FilesKt__FilePathComponentsKt                                         : loaded 2 times (x 73B)
Class kotlin.reflect.KCallable                                                        : loaded 2 times (x 72B)
Class kotlin.coroutines.CoroutineContext$Element                                      : loaded 2 times (x 72B)
Class com.google.common.collect.RegularImmutableAsList                                : loaded 2 times (x 219B)
Class kotlin.collections.AbstractIterator                                             : loaded 2 times (x 85B)
Class kotlin.text.CharsKt                                                             : loaded 2 times (x 73B)
Class com.google.common.util.concurrent.AbstractFuture$Trusted                        : loaded 2 times (x 72B)
Class com.google.common.collect.Iterators                                             : loaded 2 times (x 73B)
Class jdk.internal.jimage.ImageLocation                                               : loaded 2 times (x 92B)
Class kotlin.coroutines.ContinuationInterceptor$Key                                   : loaded 2 times (x 73B)
Class com.google.common.collect.Lists$StringAsImmutableList                           : loaded 2 times (x 209B)
Class com.google.common.util.concurrent.UncheckedExecutionException                   : loaded 2 times (x 84B)
Class jdk.internal.jimage.ImageBufferCache$1                                          : loaded 2 times (x 84B)
Class kotlin.DeprecationLevel                                                         : loaded 2 times (x 81B)
Class kotlin.collections.ArraysKt___ArraysKt$asSequence$$inlined$Sequence$1           : loaded 2 times (x 77B)
Class kotlin.jvm.JvmStatic                                                            : loaded 2 times (x 72B)
Class kotlin.collections.MapsKt__MapsJVMKt                                            : loaded 2 times (x 73B)
Class kotlin.collections.EmptyList                                                    : loaded 2 times (x 176B)
Class com.google.common.cache.CacheLoader$UnsupportedLoadingOperationException        : loaded 2 times (x 84B)
Class jdk.internal.jimage.ImageBufferCache$2                                          : loaded 2 times (x 93B)
Class kotlin.collections.builders.ListBuilderKt                                       : loaded 2 times (x 73B)
Class kotlinx.coroutines.JobSupport                                                   : loaded 2 times (x 135B)
Class com.google.common.collect.BiMap                                                 : loaded 2 times (x 72B)
Class org.gradle.api.internal.classpath.DefaultModuleRegistry$DefaultModule           : loaded 2 times (x 84B)
Class kotlin.ResultKt                                                                 : loaded 2 times (x 73B)
Class com.google.common.primitives.Ints                                               : loaded 2 times (x 73B)
Class com.google.common.collect.AbstractIterator                                      : loaded 2 times (x 84B)
Class kotlin.collections.IndexingIterable                                             : loaded 2 times (x 81B)
Class kotlin.Result$Failure                                                           : loaded 2 times (x 74B)
Class kotlinx.coroutines.ExecutorCoroutineDispatcher                                  : loaded 2 times (x 109B)
Class kotlin.collections.ArraysKt__ArraysKt                                           : loaded 2 times (x 73B)
Class com.google.common.math.MathPreconditions                                        : loaded 2 times (x 73B)
Class com.google.common.collect.AbstractIndexedListIterator                           : loaded 2 times (x 98B)
Class com.google.common.collect.ArrayListMultimapGwtSerializationDependencies         : loaded 2 times (x 173B)
Class com.google.common.collect.Multiset                                              : loaded 2 times (x 72B)
Class kotlinx.coroutines.Job                                                          : loaded 2 times (x 72B)
Class kotlin.collections.SetsKt__SetsJVMKt                                            : loaded 2 times (x 73B)
Class kotlin.Function                                                                 : loaded 2 times (x 72B)
Class org.gradle.api.internal.classpath.Module                                        : loaded 2 times (x 72B)
Class kotlin.KotlinVersion                                                            : loaded 2 times (x 76B)
Class kotlin.reflect.KMutableProperty                                                 : loaded 2 times (x 72B)
Class kotlin.io.FileAlreadyExistsException                                            : loaded 2 times (x 84B)
Class kotlinx.coroutines.internal.DispatchedContinuationKt                            : loaded 2 times (x 73B)
Class kotlin.internal.ProgressionUtilKt                                               : loaded 2 times (x 73B)
Class com.google.common.cache.Weigher                                                 : loaded 2 times (x 72B)
Class org.gradle.api.internal.classpath.UnknownModuleException                        : loaded 2 times (x 84B)
Class jdk.internal.jimage.ImageHeader                                                 : loaded 2 times (x 73B)
Class kotlin.jvm.internal.PropertyReference                                           : loaded 2 times (x 117B)
Class kotlinx.coroutines.internal.LockFreeTaskQueueCore                               : loaded 2 times (x 74B)
Class com.google.common.base.Stopwatch                                                : loaded 2 times (x 74B)
Class com.google.common.cache.LocalCache$Strength                                     : loaded 2 times (x 83B)
Class com.google.common.cache.Cache                                                   : loaded 2 times (x 72B)
Class kotlin.collections.IndexingIterator                                             : loaded 2 times (x 81B)
Class kotlin.coroutines.CombinedContext                                               : loaded 2 times (x 80B)
Class com.google.common.base.NullnessCasts                                            : loaded 2 times (x 73B)
Class com.google.common.util.concurrent.AbstractFuture$Cancellation                   : loaded 2 times (x 74B)
Class [Lkotlin.reflect.KAnnotatedElement;                                             : loaded 2 times (x 71B)
Class com.google.common.cache.RemovalListener                                         : loaded 2 times (x 72B)
Class org.gradle.api.internal.DefaultClassPathRegistry                                : loaded 2 times (x 78B)
Class kotlin.annotation.AnnotationTarget                                              : loaded 2 times (x 81B)
Class kotlin.jvm.JvmClassMappingKt                                                    : loaded 2 times (x 73B)
Class kotlin.jvm.internal.Reflection                                                  : loaded 2 times (x 73B)
Class kotlin.reflect.KProperty                                                        : loaded 2 times (x 72B)
Class kotlin.ranges.ClosedRange                                                       : loaded 2 times (x 72B)
Class com.google.common.primitives.IntsMethodsForWeb                                  : loaded 2 times (x 73B)
Class com.google.common.collect.Multimap                                              : loaded 2 times (x 72B)
Class org.gradle.internal.classpath.DefaultClassPath$ImmutableUniqueList              : loaded 2 times (x 201B)
Class org.gradle.api.internal.ClassPathRegistry                                       : loaded 2 times (x 72B)
Class jdk.internal.jimage.decompressor.ResourceDecompressor                           : loaded 2 times (x 72B)
Class kotlin.jvm.internal.TypeIntrinsics                                              : loaded 2 times (x 73B)
Class kotlin.collections.IntIterator                                                  : loaded 2 times (x 84B)
Class kotlinx.coroutines.DispatchedTaskKt                                             : loaded 2 times (x 73B)
Class kotlinx.coroutines.internal.SystemPropsKt__SystemProps_commonKt                 : loaded 2 times (x 73B)
Class kotlinx.coroutines.ThreadContextElement                                         : loaded 2 times (x 72B)
Class kotlin.text.StringsKt__StringsJVMKt                                             : loaded 2 times (x 73B)
Class kotlin.text.StringsKt__IndentKt                                                 : loaded 2 times (x 73B)
Class kotlin.collections.SetsKt                                                       : loaded 2 times (x 73B)
Class com.google.common.collect.SingletonImmutableList                                : loaded 2 times (x 209B)
Class com.google.common.cache.CacheBuilder                                            : loaded 2 times (x 74B)
Class org.gradle.internal.classpath.ClassPath                                         : loaded 2 times (x 72B)
Class kotlin.collections.ArrayDeque                                                   : loaded 2 times (x 209B)
Class kotlin.reflect.KFunction                                                        : loaded 2 times (x 72B)
Class com.google.common.collect.ImmutableList$ReverseImmutableList                    : loaded 2 times (x 211B)
Class com.google.common.base.JdkPattern                                               : loaded 2 times (x 77B)
Class [Lkotlin.reflect.KDeclarationContainer;                                         : loaded 2 times (x 71B)
Class [Lkotlinx.coroutines.CoroutineStart;                                            : loaded 2 times (x 71B)
Class kotlinx.coroutines.CoroutineDispatcher$Key                                      : loaded 2 times (x 74B)
Class kotlin.jvm.internal.Lambda                                                      : loaded 2 times (x 77B)
Class kotlin.collections.MapsKt__MapsKt                                               : loaded 2 times (x 73B)
Class org.gradle.api.internal.classpath.DefaultModuleRegistry$DefaultModuleAlias      : loaded 2 times (x 82B)
Class jdk.internal.jimage.ImageStringsReader                                          : loaded 2 times (x 82B)
Class com.google.common.base.Suppliers$SupplierOfInstance                             : loaded 2 times (x 81B)
Class com.google.common.collect.Iterators$1                                           : loaded 2 times (x 83B)
Class kotlin.properties.Delegates                                                     : loaded 2 times (x 73B)
Class kotlin.Metadata                                                                 : loaded 2 times (x 72B)
Class kotlin.collections.AbstractMutableSet                                           : loaded 2 times (x 144B)
Class com.google.devtools.ksp.processing.KSPJvmConfig                                 : loaded 2 times (x 74B)
Class kotlin.UninitializedPropertyAccessException                                     : loaded 2 times (x 84B)
Class com.google.common.cache.LocalCache$ComputingValueReference                      : loaded 2 times (x 98B)
Class com.google.common.collect.ImmutableMap$IteratorBasedImmutableMap                : loaded 2 times (x 128B)
Class com.google.common.collect.SingletonImmutableSet                                 : loaded 2 times (x 148B)
Class jdk.internal.jimage.ImageReader                                                 : loaded 2 times (x 77B)
Class kotlin.reflect.KProperty$Getter                                                 : loaded 2 times (x 72B)
Class com.google.common.cache.LocalCache$Segment                                      : loaded 2 times (x 155B)
Class jdk.internal.jimage.ImageReader$SharedImageReader                               : loaded 2 times (x 97B)
Class kotlin.SafePublicationLazyImpl                                                  : loaded 2 times (x 78B)
Class com.google.common.cache.CacheLoader                                             : loaded 2 times (x 76B)
Class com.google.common.collect.Iterators$4                                           : loaded 2 times (x 84B)
Class com.google.common.collect.AbstractListMultimap                                  : loaded 2 times (x 173B)
Class org.gradle.api.internal.classpath.ModuleRegistry                                : loaded 2 times (x 72B)
Class org.gradle.internal.installation.GradleInstallation$1                           : loaded 2 times (x 77B)
Class jdk.internal.jimage.decompressor.ResourceDecompressorFactory                    : loaded 2 times (x 76B)
Class com.google.devtools.ksp.processing.KSPLogger                                    : loaded 2 times (x 72B)
Class com.google.common.collect.ImmutableSet$JdkBackedSetBuilderImpl                  : loaded 2 times (x 78B)
Class com.google.common.util.concurrent.internal.InternalFutureFailureAccess          : loaded 2 times (x 74B)
Class com.google.common.collect.Iterators$5                                           : loaded 2 times (x 84B)
Class kotlin.coroutines.intrinsics.IntrinsicsKt__IntrinsicsKt                         : loaded 2 times (x 73B)
Class kotlinx.coroutines.Job$Key                                                      : loaded 2 times (x 73B)
Class com.google.common.cache.LocalCache$LocalManualCache$1                           : loaded 2 times (x 77B)
Class jdk.internal.jimage.ImageReader$Node                                            : loaded 2 times (x 86B)
Class kotlin.io.FilesKt__UtilsKt                                                      : loaded 2 times (x 73B)
Class kotlin.collections.CollectionsKt__CollectionsJVMKt                              : loaded 2 times (x 73B)
Class com.google.common.collect.ImmutableCollection                                   : loaded 2 times (x 127B)
Class org.gradle.api.internal.classpath.DefaultModuleRegistry                         : loaded 2 times (x 86B)
Class jdk.internal.jimage.BasicImageReader$1                                          : loaded 2 times (x 79B)
Class kotlin.collections.IndexedValue                                                 : loaded 2 times (x 74B)
Class kotlin.KotlinVersionCurrentValue                                                : loaded 2 times (x 73B)
Class kotlin.collections.builders.MapBuilder$Itr                                      : loaded 2 times (x 74B)
Class kotlin.sequences.SequencesKt                                                    : loaded 2 times (x 73B)
Class kotlin.collections.CollectionsKt__IteratorsKt                                   : loaded 2 times (x 73B)
Class com.google.common.collect.Lists                                                 : loaded 2 times (x 73B)
Class com.google.common.util.concurrent.ListenableFuture                              : loaded 2 times (x 72B)
Class com.google.common.cache.ReferenceEntry                                          : loaded 2 times (x 72B)
Class com.google.common.base.Converter                                                : loaded 2 times (x 92B)
Class com.google.common.collect.ImmutableSet$CachingAsList                            : loaded 2 times (x 150B)
Class kotlin.jvm.internal.markers.KMutableSet                                         : loaded 2 times (x 72B)
Class kotlin.text.StringsKt                                                           : loaded 2 times (x 73B)
Class com.google.common.util.concurrent.AbstractFuture                                : loaded 2 times (x 108B)
Class com.google.common.base.FunctionalEquivalence                                    : loaded 2 times (x 85B)
Class com.google.common.collect.Iterators$9                                           : loaded 2 times (x 83B)
Class com.google.common.collect.AbstractMapBasedMultimap                              : loaded 2 times (x 140B)
Class com.google.common.collect.ImmutableAsList                                       : loaded 2 times (x 211B)
Class kotlin.coroutines.jvm.internal.RestrictedContinuationImpl                       : loaded 2 times (x 89B)
Class kotlin.coroutines.CoroutineContext$Key                                          : loaded 2 times (x 72B)
Class kotlin.LazyKt__LazyJVMKt                                                        : loaded 2 times (x 73B)
Class com.google.common.cache.CacheLoader$SupplierToCacheLoader                       : loaded 2 times (x 77B)
Class jdk.internal.jimage.decompressor.Decompressor                                   : loaded 2 times (x 74B)
Class [Lkotlin.Pair;                                                                  : loaded 2 times (x 71B)
Class kotlin.jvm.internal.markers.KMutableList                                        : loaded 2 times (x 72B)
Class kotlin.io.FilesKt__FileReadWriteKt                                              : loaded 2 times (x 73B)
Class kotlinx.coroutines.ChildJob                                                     : loaded 2 times (x 72B)
Class kotlinx.coroutines.scheduling.TasksKt                                           : loaded 2 times (x 73B)
Class kotlinx.coroutines.internal.SystemPropsKt__SystemPropsKt                        : loaded 2 times (x 73B)
Class kotlin.text.StringsKt__StringNumberConversionsKt                                : loaded 2 times (x 73B)
Class com.google.common.collect.Maps$EntryTransformer                                 : loaded 2 times (x 72B)
Class org.gradle.internal.service.ServiceLookupException                              : loaded 2 times (x 84B)
Class [Lkotlin.sequences.Sequence;                                                    : loaded 2 times (x 71B)
Class kotlin.jvm.internal.MutablePropertyReference1Impl                               : loaded 2 times (x 139B)
Class kotlinx.coroutines.ChildHandleNode                                              : loaded 2 times (x 96B)
Class kotlinx.coroutines.scheduling.SchedulerCoroutineDispatcher                      : loaded 2 times (x 109B)
Class [Lcom.google.common.cache.LocalCache$EntryFactory;                              : loaded 2 times (x 71B)
Class org.gradle.internal.classloader.ClassLoaderFactory                              : loaded 2 times (x 72B)
Class com.google.common.base.CommonPattern                                            : loaded 2 times (x 76B)
Class com.google.common.cache.LocalCache$LocalManualCache                             : loaded 2 times (x 101B)
Class org.gradle.internal.service.CachingServiceLocator                               : loaded 2 times (x 84B)
Class kotlin.jvm.internal.CallableReference                                           : loaded 2 times (x 108B)
Class kotlin.collections.AbstractList$IteratorImpl                                    : loaded 2 times (x 84B)
Class com.google.common.math.IntMath                                                  : loaded 2 times (x 73B)
Class kotlin.properties.ReadOnlyProperty                                              : loaded 2 times (x 72B)
Class kotlin.jvm.internal.markers.KMutableMap                                         : loaded 2 times (x 72B)
Class kotlin.coroutines.AbstractCoroutineContextElement                               : loaded 2 times (x 91B)
Class kotlin.ranges.IntRange                                                          : loaded 2 times (x 95B)
Class kotlinx.coroutines.CompletionStateKt                                            : loaded 2 times (x 73B)
Class kotlin.enums.EnumEntries                                                        : loaded 2 times (x 72B)
Class com.google.common.base.Equivalence                                              : loaded 2 times (x 84B)
Class com.google.common.base.Function                                                 : loaded 2 times (x 72B)
Class kotlinx.coroutines.CoroutineDispatcher                                          : loaded 2 times (x 101B)
Class com.google.common.collect.RegularImmutableList                                  : loaded 2 times (x 215B)
Class com.google.common.cache.CacheBuilder$OneWeigher                                 : loaded 2 times (x 84B)
Class jdk.internal.jimage.ImageBufferCache                                            : loaded 2 times (x 73B)
Class jdk.internal.jrtfs.JrtPath                                                      : loaded 2 times (x 124B)
Class org.gradle.internal.classloader.ClasspathUtil                                   : loaded 2 times (x 73B)
Class kotlin.jvm.internal.PropertyReference0                                          : loaded 2 times (x 129B)
Class kotlin.sequences.EmptySequence                                                  : loaded 2 times (x 80B)
Class kotlin.io.FileSystemException                                                   : loaded 2 times (x 84B)
Class kotlinx.coroutines.NonDisposableHandle                                          : loaded 2 times (x 80B)
Class com.google.common.util.concurrent.Uninterruptibles                              : loaded 2 times (x 73B)
Class kotlin.jvm.internal.PropertyReference1                                          : loaded 2 times (x 129B)
Class com.google.common.util.concurrent.LazyLogger                                    : loaded 2 times (x 74B)
Class com.google.common.collect.Maps                                                  : loaded 2 times (x 73B)
Class org.gradle.api.specs.Spec                                                       : loaded 2 times (x 72B)
Class kotlin.jvm.internal.MutablePropertyReference                                    : loaded 2 times (x 121B)
Class kotlin.UnsafeLazyImpl                                                           : loaded 2 times (x 78B)
Class kotlin.LazyKt__LazyJVMKt$WhenMappings                                           : loaded 2 times (x 73B)
Class kotlin.jvm.internal.ArrayIterator                                               : loaded 2 times (x 81B)
Class kotlin.LazyThreadSafetyMode                                                     : loaded 2 times (x 81B)
Class kotlinx.coroutines.CoroutineContextKt                                           : loaded 2 times (x 73B)
Class com.google.common.cache.LocalCache$LoadingValueReference                        : loaded 2 times (x 98B)
Class jdk.internal.jimage.decompressor.ResourceDecompressorRepository                 : loaded 2 times (x 73B)
Class kotlin.jvm.internal.SpreadBuilder                                               : loaded 2 times (x 78B)
Class kotlin.collections.EmptyIterator                                                : loaded 2 times (x 91B)
Class kotlinx.coroutines.internal.DispatchedContinuation                              : loaded 2 times (x 92B)
Class kotlinx.coroutines.internal.Symbol                                              : loaded 2 times (x 74B)
Class kotlin.text.StringsKt__RegexExtensionsKt                                        : loaded 2 times (x 73B)
Class kotlin.SynchronizedLazyImpl                                                     : loaded 2 times (x 78B)
Class com.google.common.base.Platform                                                 : loaded 2 times (x 73B)
Class jdk.internal.jimage.ImageReader$Directory                                       : loaded 2 times (x 86B)
Class kotlin.io.FilePathComponents                                                    : loaded 2 times (x 74B)
Class kotlin.coroutines.jvm.internal.RestrictedSuspendLambda                          : loaded 2 times (x 93B)
Class kotlin.sequences.SequencesKt__SequencesJVMKt                                    : loaded 2 times (x 73B)
Class kotlin.collections.AbstractList                                                 : loaded 2 times (x 199B)
Class kotlin.collections.AbstractCollection                                           : loaded 2 times (x 119B)
Class com.google.devtools.ksp.processing.KspGradleLogger$Companion                    : loaded 2 times (x 73B)
Class com.google.common.collect.Maps$8                                                : loaded 2 times (x 84B)
Class kotlin.text.Regex                                                               : loaded 2 times (x 74B)
Class kotlin.Triple                                                                   : loaded 2 times (x 74B)
Class kotlin.sequences.SequencesKt__SequenceBuilderKt$sequence$$inlined$Sequence$1    : loaded 2 times (x 77B)
Class kotlin.text.StringsKt__StringBuilderJVMKt                                       : loaded 2 times (x 73B)
Class kotlin.LazyKt__LazyKt                                                           : loaded 2 times (x 73B)
Class com.google.common.cache.LocalCache$StrongValueReference                         : loaded 2 times (x 92B)
Class kotlin.jvm.internal.Ref$ObjectRef                                               : loaded 2 times (x 74B)
Class kotlin.jvm.internal.ReflectionFactory                                           : loaded 2 times (x 93B)
Class kotlin.UNINITIALIZED_VALUE                                                      : loaded 2 times (x 73B)
Class org.gradle.internal.classloader.VisitableURLClassLoader$InstrumentingVisitableURLClassLoader: loaded 2 times (x 124B)
Class kotlin.collections.ReversedListReadOnly$listIterator$1                          : loaded 2 times (x 92B)
Class kotlin.comparisons.ComparisonsKt__ComparisonsKt                                 : loaded 2 times (x 73B)
Class kotlin.jvm.internal.ClassBasedDeclarationContainer                              : loaded 2 times (x 72B)
Class kotlinx.coroutines.Job$DefaultImpls                                             : loaded 2 times (x 73B)
Class kotlin.coroutines.CoroutineContext$Element$DefaultImpls                         : loaded 2 times (x 73B)
Class kotlin.coroutines.Continuation                                                  : loaded 2 times (x 72B)
Class kotlin.ranges.RangesKt__RangesKt                                                : loaded 2 times (x 73B)
Class kotlin.sequences.SequencesKt__SequencesKt                                       : loaded 2 times (x 73B)
Class kotlin.collections.SetsKt___SetsKt                                              : loaded 2 times (x 73B)
Class com.google.common.math.IntMath$1                                                : loaded 2 times (x 73B)
Class [Lcom.google.common.cache.CacheBuilder$NullListener;                            : loaded 2 times (x 71B)
Class org.gradle.internal.classloader.VisitableURLClassLoader$Spec                    : loaded 2 times (x 76B)
Class org.gradle.internal.classpath.DefaultClassPath                                  : loaded 2 times (x 92B)
Class jdk.internal.jimage.decompressor.ZipDecompressorFactory                         : loaded 2 times (x 76B)
Class kotlin.comparisons.ComparisonsKt                                                : loaded 2 times (x 73B)
Class kotlin.comparisons.ComparisonsKt___ComparisonsKt                                : loaded 2 times (x 73B)
Class kotlin.Result$Companion                                                         : loaded 2 times (x 73B)
Class kotlin.coroutines.jvm.internal.BaseContinuationImpl                             : loaded 2 times (x 89B)
Class kotlin.text.CharsKt__CharJVMKt                                                  : loaded 2 times (x 73B)
Class kotlin.sequences.FilteringSequence                                              : loaded 2 times (x 77B)
Class com.google.devtools.ksp.processing.KspGradleLogger                              : loaded 2 times (x 81B)
Class kotlin.reflect.KType                                                            : loaded 2 times (x 72B)
Class com.google.common.io.Closer                                                     : loaded 2 times (x 80B)
Class com.google.common.collect.ImmutableSet                                          : loaded 2 times (x 147B)
Class org.gradle.internal.classloader.ClassLoaderSpec                                 : loaded 2 times (x 73B)
Class kotlin.collections.ReversedListReadOnly                                         : loaded 2 times (x 200B)
Class kotlin.jvm.internal.FunctionReferenceImpl                                       : loaded 2 times (x 124B)
Class kotlin.collections.CollectionsKt___CollectionsJvmKt                             : loaded 2 times (x 73B)
Class com.google.common.cache.CacheStats                                              : loaded 2 times (x 73B)
Class kotlin.jdk7.AutoCloseableKt                                                     : loaded 2 times (x 73B)
Class kotlin.TuplesKt                                                                 : loaded 2 times (x 73B)
Class kotlin.jvm.internal.markers.KMutableIterable                                    : loaded 2 times (x 72B)
Class kotlinx.coroutines.CoroutineStart$WhenMappings                                  : loaded 2 times (x 73B)
Class kotlin.sequences.SequencesKt___SequencesJvmKt                                   : loaded 2 times (x 73B)
Class kotlin.Unit                                                                     : loaded 2 times (x 73B)
Class com.google.common.io.Closer$Suppressor                                          : loaded 2 times (x 72B)
Class com.google.common.util.concurrent.AbstractFuture$Listener                       : loaded 2 times (x 74B)
Class org.gradle.api.internal.classpath.Module$ModuleAlias                            : loaded 2 times (x 72B)
Class kotlin.ranges.RangesKt                                                          : loaded 2 times (x 73B)
Class com.google.common.base.Supplier                                                 : loaded 2 times (x 72B)
Class org.gradle.internal.classloader.VisitableURLClassLoader                         : loaded 2 times (x 118B)
Class [Lkotlin.DeprecationLevel;                                                      : loaded 2 times (x 71B)
Class kotlin.sequences.GeneratorSequence                                              : loaded 2 times (x 77B)
Class kotlin.sequences.FlatteningSequence$iterator$1                                  : loaded 2 times (x 81B)
Class kotlin.collections.ArraysUtilJVM                                                : loaded 2 times (x 73B)
Class kotlin.jvm.functions.Function0                                                  : loaded 2 times (x 72B)
Class org.gradle.internal.Cast                                                        : loaded 2 times (x 73B)
Class org.gradle.api.Action                                                           : loaded 2 times (x 72B)
Class jdk.internal.jimage.decompressor.ZipDecompressor                                : loaded 2 times (x 77B)
Class kotlin.properties.ReadWriteProperty                                             : loaded 2 times (x 72B)
Class kotlin.collections.AbstractMutableList                                          : loaded 2 times (x 208B)
Class kotlinx.coroutines.CompletedExceptionally                                       : loaded 2 times (x 74B)
Class kotlin.coroutines.AbstractCoroutineContextKey                                   : loaded 2 times (x 74B)
Class kotlin.jvm.functions.Function1                                                  : loaded 2 times (x 72B)
Class com.google.common.base.Strings                                                  : loaded 2 times (x 73B)
Class com.google.common.base.Ticker                                                   : loaded 2 times (x 74B)
Class kotlin.jvm.internal.markers.KMutableIterator                                    : loaded 2 times (x 72B)
Class kotlin.jvm.functions.Function2                                                  : loaded 2 times (x 72B)
Class kotlin.KotlinNothingValueException                                              : loaded 2 times (x 84B)
Class com.google.devtools.ksp.processing.KSPConfig                                    : loaded 2 times (x 74B)
Class [Lcom.google.common.cache.LocalCache$Segment;                                   : loaded 2 times (x 71B)
Class com.google.common.base.Predicate                                                : loaded 2 times (x 72B)
Class [Lcom.google.common.cache.LocalCache$Strength;                                  : loaded 2 times (x 71B)
Class com.google.common.cache.CacheBuilder$1                                          : loaded 2 times (x 87B)
Class com.google.common.collect.ImmutableMap                                          : loaded 2 times (x 122B)
Class org.gradle.internal.classpath.DefaultClassPath$ImmutableUniqueList$Builder      : loaded 2 times (x 77B)
Class kotlin.jvm.functions.Function3                                                  : loaded 2 times (x 72B)
Class kotlin.io.FileTreeWalk$WalkState                                                : loaded 2 times (x 75B)
Class kotlinx.coroutines.CoroutineStart                                               : loaded 2 times (x 81B)
Class kotlin.collections.MapsKt___MapsJvmKt                                           : loaded 2 times (x 73B)
Class com.google.common.cache.LocalCache                                              : loaded 2 times (x 188B)
Class com.google.common.cache.CacheBuilder$2                                          : loaded 2 times (x 81B)
Class kotlin.annotation.Target                                                        : loaded 2 times (x 72B)
Class kotlin.jvm.functions.Function4                                                  : loaded 2 times (x 72B)
Class kotlinx.coroutines.CoroutineId                                                  : loaded 2 times (x 95B)
Class kotlin.collections.EmptySet                                                     : loaded 2 times (x 124B)
Class kotlin.collections.CollectionsKt___CollectionsKt                                : loaded 2 times (x 73B)
Class com.google.common.cache.CacheBuilder$3                                          : loaded 2 times (x 74B)
Class com.google.common.collect.ArrayListMultimap                                     : loaded 2 times (x 173B)
Class org.gradle.api.GradleException                                                  : loaded 2 times (x 84B)
Class jdk.internal.jimage.ImageStrings                                                : loaded 2 times (x 72B)
Class kotlin.annotation.Retention                                                     : loaded 2 times (x 72B)
Class kotlin.jvm.functions.Function5                                                  : loaded 2 times (x 72B)
Class kotlin.reflect.KDeclarationContainer                                            : loaded 2 times (x 72B)
Class kotlin.text.StringsKt___StringsJvmKt                                            : loaded 2 times (x 73B)
Class com.google.common.base.Suppliers$MemoizingSupplier                              : loaded 2 times (x 81B)
Class com.google.common.collect.CollectPreconditions                                  : loaded 2 times (x 73B)
Class kotlin.jvm.functions.Function6                                                  : loaded 2 times (x 72B)
Class kotlin.io.FilesKt                                                               : loaded 2 times (x 73B)
Class kotlinx.coroutines.Unconfined                                                   : loaded 2 times (x 101B)
Class kotlin.collections.ArraysKt___ArraysKt                                          : loaded 2 times (x 73B)
Class kotlin.collections.MapsKt___MapsKt                                              : loaded 2 times (x 73B)
Class com.google.common.collect.SortedMapDifference                                   : loaded 2 times (x 72B)
Class kotlin.jvm.functions.Function7                                                  : loaded 2 times (x 72B)
Class kotlinx.coroutines.AbstractCoroutine                                            : loaded 2 times (x 146B)
Class kotlin.collections.MapsKt__MapWithDefaultKt                                     : loaded 2 times (x 73B)
Class com.google.common.cache.LocalCache$EntryFactory                                 : loaded 2 times (x 85B)
Class [Lkotlin.annotation.AnnotationRetention;                                        : loaded 2 times (x 71B)
Class kotlin.jvm.functions.Function8                                                  : loaded 2 times (x 72B)
Class kotlin.collections.builders.MapBuilder$Companion                                : loaded 2 times (x 73B)
Class kotlin.text.StringsKt___StringsKt                                               : loaded 2 times (x 73B)
Class kotlin.collections.CollectionsKt__MutableCollectionsJVMKt                       : loaded 2 times (x 73B)
Class kotlin.enums.EnumEntriesKt                                                      : loaded 2 times (x 73B)
Class com.google.common.cache.LocalCache$AbstractReferenceEntry                       : loaded 2 times (x 109B)
Class org.gradle.internal.IoActions                                                   : loaded 2 times (x 73B)
Class kotlin.annotation.MustBeDocumented                                              : loaded 2 times (x 72B)
Class kotlin.jvm.functions.Function10                                                 : loaded 2 times (x 72B)
Class kotlin.jvm.functions.Function9                                                  : loaded 2 times (x 72B)
Class [Lkotlin.reflect.KClassifier;                                                   : loaded 2 times (x 71B)
Class [Lkotlin.LazyThreadSafetyMode;                                                  : loaded 2 times (x 71B)
Class com.google.common.cache.CacheLoader$InvalidCacheLoadException                   : loaded 2 times (x 84B)
Class com.google.common.collect.ImmutableSet$RegularSetBuilderImpl                    : loaded 2 times (x 78B)
Class kotlin.jvm.functions.Function11                                                 : loaded 2 times (x 72B)
Class kotlin.reflect.KAnnotatedElement                                                : loaded 2 times (x 72B)
Class kotlinx.coroutines.internal.LockFreeLinkedListNode                              : loaded 2 times (x 77B)
Class kotlin.jvm.internal.markers.KMutableCollection                                  : loaded 2 times (x 72B)
Class kotlin.coroutines.intrinsics.IntrinsicsKt                                       : loaded 2 times (x 73B)
Class kotlin.coroutines.CoroutineContext$DefaultImpls                                 : loaded 2 times (x 73B)
Class kotlin.ranges.IntRange$Companion                                                : loaded 2 times (x 73B)
Class kotlin.collections.EmptyMap                                                     : loaded 2 times (x 110B)
Class kotlin.jvm.internal.Intrinsics                                                  : loaded 2 times (x 73B)
Class com.google.common.cache.LocalCache$StrongEntry                                  : loaded 2 times (x 110B)
Class com.google.common.util.concurrent.AbstractFuture$TrustedFuture                  : loaded 2 times (x 116B)
Class com.google.common.cache.LoadingCache                                            : loaded 2 times (x 72B)
Class jdk.internal.jrtfs.JrtFileSystem                                                : loaded 2 times (x 104B)
Class kotlin.jvm.functions.Function12                                                 : loaded 2 times (x 72B)
Class kotlin.coroutines.intrinsics.CoroutineSingletons                                : loaded 2 times (x 81B)
Class kotlin.collections.MapsKt                                                       : loaded 2 times (x 73B)
Class kotlin.collections.CollectionsKt__IterablesKt                                   : loaded 2 times (x 73B)
Class com.google.common.io.ByteStreams$LimitedInputStream                             : loaded 2 times (x 94B)
Class com.google.common.base.Suppliers$NonSerializableMemoizingSupplier               : loaded 2 times (x 81B)
Class [Lcom.google.common.cache.Weigher;                                              : loaded 2 times (x 71B)
Class jdk.internal.jimage.decompressor.CompressedResourceHeader                       : loaded 2 times (x 73B)
Class kotlin.text.Charsets                                                            : loaded 2 times (x 73B)
Class kotlin.jvm.functions.Function13                                                 : loaded 2 times (x 72B)
Class kotlin.sequences.SequenceBuilderIterator                                        : loaded 2 times (x 87B)
Class kotlinx.coroutines.internal.LockFreeTaskQueueCore$Companion                     : loaded 2 times (x 73B)
Class kotlin.ranges.OpenEndRange                                                      : loaded 2 times (x 72B)
Class kotlin.KotlinNullPointerException                                               : loaded 2 times (x 84B)
Class kotlin.jvm.functions.Function14                                                 : loaded 2 times (x 72B)
Class kotlin.ranges.RangesKt___RangesKt                                               : loaded 2 times (x 73B)
Class com.google.common.cache.LocalCache$ValueReference                               : loaded 2 times (x 72B)
Class kotlin.collections.ArrayDeque$Companion                                         : loaded 2 times (x 73B)
Class kotlin.jvm.functions.Function15                                                 : loaded 2 times (x 72B)
Class kotlin.text.CharsKt__CharKt                                                     : loaded 2 times (x 73B)
Class kotlin.collections.ArraysKt                                                     : loaded 2 times (x 73B)
Class com.google.common.base.PatternCompiler                                          : loaded 2 times (x 72B)
Class com.google.common.collect.Hashing                                               : loaded 2 times (x 73B)
Class com.google.common.util.concurrent.AbstractFuture$Failure                        : loaded 2 times (x 74B)
Class com.google.common.base.Equivalence$Equals                                       : loaded 2 times (x 84B)
Class com.google.common.base.Preconditions                                            : loaded 2 times (x 73B)
Class kotlin.jvm.functions.Function16                                                 : loaded 2 times (x 72B)
Class kotlin.coroutines.EmptyCoroutineContext                                         : loaded 2 times (x 79B)
Class kotlin.collections.SetsKt__SetsKt                                               : loaded 2 times (x 73B)
Class kotlin.LazyKt                                                                   : loaded 2 times (x 73B)
Class com.google.common.base.Joiner$1                                                 : loaded 2 times (x 83B)
Class com.google.common.collect.PeekingIterator                                       : loaded 2 times (x 72B)
Class kotlin.InitializedLazyImpl                                                      : loaded 2 times (x 78B)
Class kotlin.jvm.functions.Function17                                                 : loaded 2 times (x 72B)
Class kotlin.collections.ArraysKt__ArraysJVMKt                                        : loaded 2 times (x 73B)
Class com.google.common.base.Joiner$2                                                 : loaded 2 times (x 82B)
Class com.google.common.cache.LocalCache$EntryFactory$1                               : loaded 2 times (x 85B)
Class [Lcom.google.common.cache.RemovalListener;                                      : loaded 2 times (x 71B)
Class kotlin.jvm.functions.Function18                                                 : loaded 2 times (x 72B)
Class kotlin.jvm.internal.CallableReference$NoReceiver                                : loaded 2 times (x 73B)
Class kotlin.text.StringsKt__StringBuilderKt                                          : loaded 2 times (x 73B)
Class com.google.common.cache.LocalCache$EntryFactory$2                               : loaded 2 times (x 85B)
Class kotlin.reflect.KMutableProperty$Setter                                          : loaded 2 times (x 72B)
Class kotlin.jvm.functions.Function19                                                 : loaded 2 times (x 72B)
Class kotlin.Lazy                                                                     : loaded 2 times (x 72B)
Class kotlin.NoWhenBranchMatchedException                                             : loaded 2 times (x 84B)
Class com.google.common.cache.LocalCache$EntryFactory$3                               : loaded 2 times (x 85B)
Class com.google.common.base.Ticker$1                                                 : loaded 2 times (x 74B)
Class com.google.common.collect.Maps$BiMapConverter                                   : loaded 2 times (x 92B)
Class kotlinx.coroutines.Incomplete                                                   : loaded 2 times (x 72B)
Class com.google.common.cache.LocalCache$EntryFactory$4                               : loaded 2 times (x 85B)
Class com.google.common.collect.ImmutableSet$Builder                                  : loaded 2 times (x 87B)
Class kotlin.sequences.ConstrainedOnceSequence                                        : loaded 2 times (x 77B)
Class kotlinx.coroutines.AbstractTimeSourceKt                                         : loaded 2 times (x 73B)
Class com.google.common.io.ByteStreams$1                                              : loaded 2 times (x 87B)
Class com.google.common.cache.LocalCache$EntryFactory$5                               : loaded 2 times (x 85B)
Class [Lkotlin.reflect.KProperty;                                                     : loaded 2 times (x 71B)
Class kotlin.jvm.internal.markers.KMappedMarker                                       : loaded 2 times (x 72B)
Class com.google.common.cache.LocalCache$EntryFactory$6                               : loaded 2 times (x 85B)
Class org.gradle.internal.installation.CurrentGradleInstallationLocator               : loaded 2 times (x 73B)
Class [Lkotlin.io.FileWalkDirection;                                                  : loaded 2 times (x 71B)
Class kotlinx.coroutines.Empty                                                        : loaded 2 times (x 77B)
Class com.google.common.cache.LocalCache$EntryFactory$7                               : loaded 2 times (x 85B)
Class com.google.common.collect.ImmutableList                                         : loaded 2 times (x 208B)
Class org.gradle.internal.service.DefaultServiceLocator                               : loaded 2 times (x 85B)
Class kotlin.reflect.KMutableProperty0                                                : loaded 2 times (x 72B)
Class kotlin.reflect.KClassifier                                                      : loaded 2 times (x 72B)
Class kotlin.io.FileTreeWalk                                                          : loaded 2 times (x 77B)
Class kotlin.coroutines.jvm.internal.SuspendFunction                                  : loaded 2 times (x 72B)
Class com.google.common.cache.LocalCache$EntryFactory$8                               : loaded 2 times (x 85B)
Class com.google.common.collect.ImmutableSet$SetBuilderImpl                           : loaded 2 times (x 78B)
Class org.gradle.internal.installation.CurrentGradleInstallation                      : loaded 2 times (x 75B)
Class kotlin.jvm.internal.StringCompanionObject                                       : loaded 2 times (x 73B)
Class kotlin.reflect.KMutableProperty1                                                : loaded 2 times (x 72B)
Class kotlinx.coroutines.scheduling.Task                                              : loaded 2 times (x 78B)
Class kotlin.coroutines.intrinsics.IntrinsicsKt__IntrinsicsJvmKt                      : loaded 2 times (x 73B)
Class kotlin.coroutines.jvm.internal.CoroutineStackFrame                              : loaded 2 times (x 72B)
Class com.google.common.collect.ImmutableList$SubList                                 : loaded 2 times (x 211B)
Class com.google.common.cache.CacheLoader$1                                           : loaded 2 times (x 77B)
Class org.gradle.util.internal.GUtil                                                  : loaded 2 times (x 73B)
Class kotlin.reflect.KMutableProperty2                                                : loaded 2 times (x 72B)
Class kotlin.io.NoSuchFileException                                                   : loaded 2 times (x 84B)
Class kotlinx.coroutines.internal.LockFreeTaskQueue                                   : loaded 2 times (x 74B)
Class kotlinx.coroutines.scheduling.DefaultScheduler                                  : loaded 2 times (x 109B)
Class kotlinx.coroutines.Dispatchers                                                  : loaded 2 times (x 73B)
Class kotlin.collections.CollectionsKt                                                : loaded 2 times (x 73B)
Class com.google.common.cache.AbstractCache$StatsCounter                              : loaded 2 times (x 72B)
Class kotlin.ranges.IntProgressionIterator                                            : loaded 2 times (x 84B)
Class kotlin.coroutines.jvm.internal.DebugProbesKt                                    : loaded 2 times (x 73B)
Class kotlinx.coroutines.intrinsics.CancellableKt                                     : loaded 2 times (x 73B)
Class kotlin.coroutines.CoroutineContext                                              : loaded 2 times (x 72B)
Class com.google.common.collect.Iterators$MergingIterator                             : loaded 2 times (x 83B)
Class com.google.common.collect.RegularImmutableSet                                   : loaded 2 times (x 150B)
Class org.gradle.internal.installation.GradleInstallation                             : loaded 2 times (x 77B)
Class jdk.internal.jimage.decompressor.ResourceDecompressor$StringsProvider           : loaded 2 times (x 72B)
Class kotlin.io.FileWalkDirection                                                     : loaded 2 times (x 81B)
Class kotlin.jvm.KotlinReflectionNotSupportedError                                    : loaded 2 times (x 84B)
Class kotlinx.coroutines.JobSupportKt                                                 : loaded 2 times (x 73B)
Class kotlinx.coroutines.ExecutorCoroutineDispatcher$Key                              : loaded 2 times (x 74B)
Class kotlin.ranges.IntProgression                                                    : loaded 2 times (x 83B)

---------------  S Y S T E M  ---------------

OS:
 Windows 11 , 64 bit Build 26100 (10.0.26100.9444)
OS uptime: 2 days 4:21 hours

CPU: total 4 (initial active 4) (2 cores per cpu, 2 threads per core) family 6 model 126 stepping 5 microcode 0xc4, cx8, cmov, fxsr, ht, mmx, 3dnowpref, sse, sse2, sse3, ssse3, sse4.1, sse4.2, popcnt, lzcnt, tsc, tscinvbit, avx, avx2, aes, erms, clmul, bmi1, bmi2, adx, avx512f, avx512dq, avx512cd, avx512bw, avx512vl, sha, fma, vzeroupper, avx512_vpopcntdq, avx512_vpclmulqdq, avx512_vaes, avx512_vnni, clflush, clflushopt, avx512_vbmi2, avx512_vbmi, rdtscp, rdpid, fsrm, gfni, avx512_bitalg, f16c, pku, avx512_ifma
Processor Information for the first 4 processors :
  Max Mhz: 1190, Current Mhz: 1190, Mhz Limit: 1190

Memory: 4k page, system-wide physical 3838M (20M free)
TotalPageFile size 15614M (AvailPageFile size 8M)
current process WorkingSet (physical memory assigned to process): 300M, peak: 351M
current process commit charge ("private bytes"): 689M, peak: 692M

vm_info: OpenJDK 64-Bit Server VM (25.0.3+-15898627-b508.16) for windows-amd64 JRE (25.0.3+-15898627-b508.16), built on 2026-07-20T17:54:23Z with MS VC++ 16.10 / 16.11 (VS2019)

END.
